category,pearson,data1_ratio,data2_ratio,Data Count,category1,new category,Apearson,Adata1_ratio,Adata2_ratio
I-1_T,0.989779716229149,0.100823863940734,0.105197867827553,79964,I-1_T,I-1_T,0.989779716229149,0.100823863940734,0.105197867827553
I-1_A,0.987458407226731,0.0993804733429659,0.104490303558055,79964,I-1_A,I-1_A,0.987458407226731,0.0993804733429659,0.104490303558055
I-1_C,0.96757532221767,0.0475785158332801,0.0498413837134218,79964,I-1_C,I-1_C,0.96757532221767,0.0475785158332801,0.0498413837134218
I-1_G,0.904802595916543,0.0142773009443828,0.0151524421600282,79964,I-1_G,I-1_G,0.904802595916543,0.0142773009443828,0.0151524421600282
I-2_CG,0.775123432459729,0.00106980871609142,0.00110255289011495,79964,I-2_CG,I-2_CG,0.775123432459729,0.00106980871609142,0.00110255289011495
I-2_TG,0.755526136247904,0.00153526336527728,0.00160559711399229,79964,I-2_TG,I-2_TG,0.755526136247904,0.00153526336527728,0.00160559711399229
I-2_TA,0.726569276315723,0.00112758604708761,0.00116470406517699,79964,I-2_TA,I-2_TA,0.726569276315723,0.00112758604708761,0.00116470406517699
I-2_AA,0.715585883629224,0.00222937202143781,0.0023659775587426,79964,I-2_AA,I-2_AA,0.715585883629224,0.00222937202143781,0.0023659775587426
I-2_TC,0.700276784611733,0.000892855871002004,0.000903156146812705,79964,I-2_TC,I-2_TC,0.700276784611733,0.000892855871002004,0.000903156146812705
I-2_AT,0.666507302453893,0.00107032515431057,0.00105319398241057,79964,I-2_AT,I-2_AT,0.666507302453893,0.00107032515431057,0.00105319398241057
I-2_TT,0.644320139445389,0.0019051062060891,0.00199694251296055,79964,I-2_TT,I-2_TT,0.644320139445389,0.0019051062060891,0.00199694251296055
I-2_AG,0.644167227195754,0.00105422578543029,0.00107608647302315,79964,I-2_AG,I-2_AG,0.644167227195754,0.00105422578543029,0.00107608647302315
I-2_CA,0.607948686633507,0.00142273746980511,0.0014191520540653,79964,I-2_CA,I-2_CA,0.607948686633507,0.00142273746980511,0.0014191520540653
I-2_CT,0.578119420822594,0.000937495226758886,0.000930687076547876,79964,I-2,I-2,0.437730762057188,0.00439693041659346,0.0043853945610108
I-2_AC,0.443496636270005,0.000647933174937121,0.000650833328027455,79964,I-2,I-2,0.437730762057188,0.00439693041659346,0.0043853945610108
I-2_GA,0.39924521980435,0.000494667990681293,0.000484357490318268,79964,I-2,I-2,0.437730762057188,0.00439693041659346,0.0043853945610108
I-2_CC,0.396269689227092,0.000878918179438757,0.000891061778944478,79964,I-2,I-2,0.437730762057188,0.00439693041659346,0.0043853945610108
I-2_GT,0.366499561346209,0.000513995104826946,0.000499371593940228,79964,I-2,I-2,0.437730762057188,0.00439693041659346,0.0043853945610108
I-2_GC,0.307567013936939,0.000366558896833138,0.000356405627778069,79964,I-2,I-2,0.437730762057188,0.00439693041659346,0.0043853945610108
I-2_GG,0.297788757197185,0.000557361843117338,0.000572677665454469,79964,I-2,I-2,0.437730762057188,0.00439693041659346,0.0043853945610108
I-3+,0.610976165385752,0.0386945079153931,0.0345245083496295,79964,I-3+,I-3+,0.610976165385752,0.0386945079153931,0.0345245083496295
34:34D-1,0.880056773959425,0.00109011550028946,0.00108001223550825,79964,34:34D-1,34:34D-1,0.880056773959425,0.00109011550028946,0.00108001223550825
35:35D-1,0.923140577446872,0.00503946057500577,0.00494438261848914,79964,35:35D-1,35:35D-1,0.923140577446872,0.00503946057500577,0.00494438261848914
36:36D-1,0.94914086620646,0.0222416569534279,0.0222735047519181,79964,36:36D-1,36:36D-1,0.94914086620646,0.0222416569534279,0.0222735047519181
37:37D-1,0.9430953724947,0.0437081471555686,0.0436999799358321,79964,37:37D-1,37:37D-1,0.9430953724947,0.0437081471555686,0.0436999799358321
38:38D-1,0.814474389801843,0.0246487514296432,0.0250369895732461,79964,D-1,38:38D-1,0.810069296743092,0.0260104558016449,0.0264467221176426
39:39D-1,0.279371632458871,0.00107065493884338,0.00112674956443911,79964,D-1,38:38D-1,0.810069296743092,0.0260104558016449,0.0264467221176426
40:40D-1,0.328317057909054,0.00029104943315829,0.000282982979957626,79964,D-1,38:38D-1,0.810069296743092,0.0260104558016449,0.0264467221176426
33:34D-2,0.920678810609298,0.000867303823468887,0.000858962866823808,79964,33:34D-2,33:34D-2,0.920678810609298,0.000867303823468887,0.000858962866823808
34:35D-2,0.909327508721402,0.00315819740612103,0.00316891668395617,79964,34:35D-2,34:35D-2,0.909327508721402,0.00315819740612103,0.00316891668395617
35:36D-2,0.933917680314583,0.0114469822190764,0.0114441933537834,79964,35:36D-2,35:36D-2,0.933917680314583,0.0114469822190764,0.0114441933537834
36:37D-2,0.94602253495114,0.0349402520157291,0.0349778922070145,79964,36:37D-2,36:37D-2,0.94602253495114,0.0349402520157291,0.0349778922070145
37:38D-2,0.910491407807532,0.0119976900602301,0.0121539318261285,79964,37:38D-2,37:38D-2,0.910491407807532,0.0119976900602301,0.0121539318261285
38:39D-2,0.889020738118763,0.0238956372832485,0.024488589935608,79964,D-2,38:39D-2,0.886596690736524,0.0246802617798738,0.0252989081343214
39:40D-2,0.215617635412343,0.000637039979958604,0.000667667621867705,79964,D-2,38:39D-2,0.886596690736524,0.0246802617798738,0.0252989081343214
40:41D-2,0.241426598369624,0.000147584516666599,0.000142650576845616,79964,D-2,38:39D-2,0.886596690736524,0.0246802617798738,0.0252989081343214
32:34D-3,0.912854606369621,0.000843579769258385,0.000829362187180214,79964,D-3,33:35D-3,0.93041501526851,0.00353252947826931,0.0034746855054436
33:35D-3,0.935132194739352,0.00268894970901091,0.0026453233182634,79964,D-3,33:35D-3,0.93041501526851,0.00353252947826931,0.0034746855054436
34:36D-3,0.946039476733038,0.00713945137293382,0.00701330578377594,79964,34:36D-3,34:36D-3,0.946039476733038,0.00713945137293382,0.00701330578377594
35:37D-3,0.957115798317671,0.0185943483401392,0.0179966158123202,79964,35:37D-3,35:37D-3,0.957115798317671,0.0185943483401392,0.0179966158123202
36:38D-3,0.937833187770859,0.00838445061900117,0.00801923275795197,79964,36:38D-3,36:38D-3,0.937833187770859,0.00838445061900117,0.00801923275795197
37:39D-3,0.834187931950927,0.006689478095063,0.00665873282084941,79964,37:39D-3,37:39D-3,0.834187931950927,0.006689478095063,0.00665873282084941
38:40D-3,0.656953881772703,0.00571536217495042,0.00585834507486818,79964,D-3,38:40D-3,0.64792654020372,0.00642628453046358,0.00656321585106019
39:41D-3,0.266297360507718,0.00060288971712384,0.000606577837930221,79964,D-3,38:40D-3,0.64792654020372,0.00642628453046358,0.00656321585106019
40:42D-3,0.201779370123318,0.000108032638389295,9.82929382617914e-05,79964,D-3,38:40D-3,0.64792654020372,0.00642628453046358,0.00656321585106019
31:34D-4,0.862726553747408,0.000539239648554126,0.000533733954462085,79964,D-4,32:35D-4,0.886460737430653,0.00235457930648341,0.00232899919376666
32:35D-4,0.893481195039717,0.00181533965792928,0.00179526523930457,79964,D-4,32:35D-4,0.886460737430653,0.00235457930648341,0.00232899919376666
33:36D-4,0.906248437423126,0.00577169989829259,0.0057017163261628,79964,33:36D-4,33:36D-4,0.906248437423126,0.00577169989829259,0.0057017163261628
34:37D-4,0.934092250347958,0.0145178743818085,0.0141780396164851,79964,34:37D-4,34:37D-4,0.934092250347958,0.0145178743818085,0.0141780396164851
35:38D-4,0.931458652942841,0.00480414914867672,0.00455963604547946,79964,35:38D-4,35:38D-4,0.931458652942841,0.00480414914867672,0.00455963604547946
36:39D-4,0.886207884992757,0.0042982927509013,0.00414329734313423,79964,36:39D-4,36:39D-4,0.886207884992757,0.0042982927509013,0.00414329734313423
37:40D-4,0.793880824048429,0.00385780474198226,0.00376270703292794,79964,37:40D-4,37:40D-4,0.793880824048429,0.00385780474198226,0.00376270703292794
38:41D-4,0.733843739634996,0.00791215741379605,0.00812723877224143,79964,D-4,38:41D-4,0.729603479995086,0.00848022315983566,0.00870518180596255
39:42D-4,0.232586323868537,0.0004833139327586,0.000495866955228516,79964,D-4,38:41D-4,0.729603479995086,0.00848022315983566,0.00870518180596255
40:43D-4,0.108666865170654,8.47518132809864e-05,8.20760784925692e-05,79964,D-4,38:41D-4,0.729603479995086,0.00848022315983566,0.00870518180596255
30:34D-5,0.83790250123079,0.000416053331450006,0.000399426903154751,79964,D-5,31:35D-5,0.881196913500206,0.00187698084342833,0.00180590183446666
31:35D-5,0.890193675258079,0.00146092751197834,0.0014064749313119,79964,D-5,31:35D-5,0.881196913500206,0.00187698084342833,0.00180590183446666
32:36D-5,0.903902621201394,0.00431700348367273,0.00425391126632289,79964,32:36D-5,32:36D-5,0.903902621201394,0.00431700348367273,0.00425391126632289
33:37D-5,0.935904271678904,0.0111607799571489,0.0108140955237758,79964,33:37D-5,33:37D-5,0.935904271678904,0.0111607799571489,0.0108140955237758
34:38D-5,0.949932013940138,0.00355062486922658,0.00335853178017446,79964,34:38D-5,34:38D-5,0.949932013940138,0.00355062486922658,0.00335853178017446
35:39D-5,0.943348119241162,0.00416958693918725,0.00401006236582598,79964,35:39D-5,35:39D-5,0.943348119241162,0.00416958693918725,0.00401006236582598
36:40D-5,0.885333499761344,0.00399695999017062,0.00388655351031487,79964,36:40D-5,36:40D-5,0.885333499761344,0.00399695999017062,0.00388655351031487
37:41D-5,0.767101796546789,0.00474379771468338,0.00477951928983307,79964,37:41D-5,37:41D-5,0.767101796546789,0.00474379771468338,0.00477951928983307
38:42D-5,0.661351961826198,0.00652236175776814,0.00661037909524283,79964,D-5,38:42D-5,0.652499263787439,0.00704413812984087,0.0071323186438424
39:43D-5,0.152398712851316,0.000446804264762285,0.000447731283126358,79964,D-5,38:42D-5,0.652499263787439,0.00704413812984087,0.0071323186438424
40:44D-5,0.0850350294903814,7.49721073104195e-05,7.42082654732368e-05,79964,D-5,38:42D-5,0.652499263787439,0.00704413812984087,0.0071323186438424
29:34D-6,0.899607271654555,0.000525988166347412,0.000525009416133944,79964,D-6,30:35D-6,0.88752354049102,0.00207782075835534,0.00205880338767297
30:35D-6,0.88453873170205,0.00155183259200794,0.00153379397153905,79964,D-6,30:35D-6,0.88752354049102,0.00207782075835534,0.00205880338767297
31:36D-6,0.906520013706445,0.00459250625570483,0.00450510355401864,79964,31:36D-6,31:36D-6,0.906520013706445,0.00459250625570483,0.00450510355401864
32:37D-6,0.927090947462412,0.0110674605807125,0.0107323931697202,79964,32:37D-6,32:37D-6,0.927090947462412,0.0110674605807125,0.0107323931697202
33:38D-6,0.937742897976754,0.0035076609525435,0.00330932145845412,79964,33:38D-6,33:38D-6,0.937742897976754,0.0035076609525435,0.00330932145845412
34:39D-6,0.94742377121514,0.00308942466544111,0.00293262097538139,79964,34:39D-6,34:39D-6,0.94742377121514,0.00308942466544111,0.00293262097538139
35:40D-6,0.944618524750968,0.00354760902224039,0.00339757140969494,79964,35:40D-6,35:40D-6,0.944618524750968,0.00354760902224039,0.00339757140969494
36:41D-6,0.92379589491472,0.00475841497664172,0.00458670176868161,79964,D-6,36:41D-6,0.816757520564039,0.0149994849366654,0.0148540844902223
37:42D-6,0.787194565918601,0.00488878511152992,0.00489614459195882,79964,D-6,36:41D-6,0.816757520564039,0.0149994849366654,0.0148540844902223
38:43D-6,0.588760534592386,0.00498353079998806,0.00499381818657986,79964,D-6,36:41D-6,0.816757520564039,0.0149994849366654,0.0148540844902223
39:44D-6,0.122299976120477,0.000312528010322309,0.000322469893718243,79964,D-6,36:41D-6,0.816757520564039,0.0149994849366654,0.0148540844902223
40:45D-6,0.0678886854367872,5.62260381836518e-05,5.49500492841563e-05,79964,D-6,36:41D-6,0.816757520564039,0.0149994849366654,0.0148540844902223
28:34D-7,0.841498736766639,0.000369886721141954,0.000355972925033453,79964,D-7,29:35D-7,0.841176994553521,0.00151833646212091,0.00150092676186834
29:35D-7,0.841957962137667,0.00114844974097896,0.00114495383683489,79964,D-7,29:35D-7,0.841176994553521,0.00151833646212091,0.00150092676186834
30:36D-7,0.857050895103265,0.00350087234049261,0.00352002413357069,79964,30:36D-7,30:36D-7,0.857050895103265,0.00350087234049261,0.00352002413357069
31:37D-7,0.902269019792987,0.00850334553862122,0.00832300988758662,79964,31:37D-7,31:37D-7,0.902269019792987,0.00850334553862122,0.00832300988758662
32:38D-7,0.88936364216467,0.00218839682813672,0.00207883934714401,79964,32:38D-7,32:38D-7,0.88936364216467,0.00218839682813672,0.00207883934714401
33:39D-7,0.89026745909155,0.00179861092685495,0.00170693499957827,79964,33:39D-7,33:39D-7,0.89026745909155,0.00179861092685495,0.00170693499957827
34:40D-7,0.919467690092644,0.00155252660480365,0.00150203034320954,79964,34:40D-7,34:40D-7,0.919467690092644,0.00155252660480365,0.00150203034320954
35:41D-7,0.926351005992282,0.00221805146229801,0.0021045611983139,79964,35:41D-7,35:41D-7,0.926351005992282,0.00221805146229801,0.0021045611983139
36:42D-7,0.870816494196857,0.00332020182439551,0.00317125575807342,79964,D-7,36:42D-7,0.705501921585961,0.011113747061034,0.0109228204405435
37:43D-7,0.708998510569967,0.00300355683881396,0.00294243404222464,79964,D-7,36:42D-7,0.705501921585961,0.011113747061034,0.0109228204405435
38:44D-7,0.445188016293103,0.0044833704636146,0.00450580598435076,79964,D-7,36:42D-7,0.705501921585961,0.011113747061034,0.0109228204405435
39:45D-7,0.108975109896663,0.000260440799715675,0.000259270628264519,79964,D-7,36:42D-7,0.705501921585961,0.011113747061034,0.0109228204405435
40:46D-7,0.0646820887593507,4.61771344942696e-05,4.40540276304343e-05,79964,D-7,36:42D-7,0.705501921585961,0.011113747061034,0.0109228204405435
27:34D-8,0.668359195208743,0.000274397377288806,0.000268156287773756,79964,D-8,29:35D-7,0.827032703340008,0.0041846964579799,0.00411473535381895
28:35D-8,0.777197376513198,0.000926102445858485,0.000923000314885493,79964,D-8,29:35D-7,0.827032703340008,0.0041846964579799,0.00411473535381895
29:36D-8,0.850512540304821,0.00298419663483263,0.00292357875115972,79964,D-8,29:35D-7,0.827032703340008,0.0041846964579799,0.00411473535381895
30:37D-8,0.887441859931062,0.00744841228879623,0.00734240853079681,79964,30:37D-8,30:37D-8,0.887441859931062,0.00744841228879623,0.00734240853079681
31:38D-8,0.863599157660376,0.00175175158466738,0.00168118251632912,79964,31:38D-8,31:38D-8,0.863599157660376,0.00175175158466738,0.00168118251632912
32:39D-8,0.85699565909893,0.00123227321341299,0.00117473804085741,79964,32:39D-8,32:39D-8,0.85699565909893,0.00123227321341299,0.00117473804085741
33:40D-8,0.901777045193711,0.0010982040099836,0.00104173178162642,79964,33:40D-8,33:40D-8,0.901777045193711,0.0010982040099836,0.00104173178162642
34:41D-8,0.919082219616475,0.00144910239419124,0.001369334526944,79964,34:41D-8,34:41D-8,0.919082219616475,0.00144910239419124,0.001369334526944
35:42D-8,0.903860899885368,0.00236068643444653,0.00225302939821339,79964,D-8,35:42D-8,0.739786493044827,0.0115208597980003,0.011305196087285
36:43D-8,0.811882519434731,0.00258630639378256,0.00248677129959741,79964,D-8,35:42D-8,0.739786493044827,0.0115208597980003,0.011305196087285
37:44D-8,0.668020441458004,0.00251949464336006,0.00248619356498517,79964,D-8,35:42D-8,0.739786493044827,0.0115208597980003,0.011305196087285
38:45D-8,0.405746617477956,0.00380608815530495,0.00382791719367275,79964,D-8,35:42D-8,0.739786493044827,0.0115208597980003,0.011305196087285
39:46D-8,0.0822297438340097,0.000208118751771028,0.000210907791009693,79964,D-8,35:42D-8,0.739786493044827,0.0115208597980003,0.011305196087285
40:47D-8,0.0567572190979676,4.01654193351895e-05,4.03768398067581e-05,79964,D-8,35:42D-8,0.739786493044827,0.0115208597980003,0.011305196087285
26:34D-9,0.866187599238581,0.00031473504837198,0.000319378236806529,79964,D-9,27:35D-9,0.867987564587784,0.00135893185850064,0.00135766439141987
27:35D-9,0.869600656611966,0.00104419681012866,0.00103828615461334,79964,D-9,27:35D-9,0.867987564587784,0.00135893185850064,0.00135766439141987
28:36D-9,0.892256378890649,0.0028140795168396,0.00278448407754615,79964,28:36D-9,28:36D-9,0.892256378890649,0.0028140795168396,0.00278448407754615
29:37D-9,0.901949364892846,0.00676620308391287,0.00664759905781265,79964,29:37D-9,29:37D-9,0.901949364892846,0.00676620308391287,0.00664759905781265
30:38D-9,0.880309715124465,0.00220282051451978,0.00211105392927577,79964,30:38D-9,30:38D-9,0.880309715124465,0.00220282051451978,0.00211105392927577
31:39D-9,0.870575115581847,0.00137658474988182,0.00130537016899171,79964,31:39D-9,31:39D-9,0.870575115581847,0.00137658474988182,0.00130537016899171
32:40D-9,0.901170863308182,0.00109195794026717,0.00104545304754744,79964,32:40D-9,32:40D-9,0.901170863308182,0.00109195794026717,0.00104545304754744
33:41D-9,0.930419515958014,0.00138157017217424,0.00131958830479124,79964,33:41D-9,33:41D-9,0.930419515958014,0.00138157017217424,0.00131958830479124
34:42D-9,0.916943338137415,0.00180252489541189,0.00167319390648122,79964,34:42D-9,34:42D-9,0.916943338137415,0.00180252489541189,0.00167319390648122
35:43D-9,0.858641799164108,0.00248243546719785,0.00241040343382991,79964,D-9,35:43D-9,0.716055378332052,0.0100576401628209,0.00988832980259289
36:44D-9,0.820175846361989,0.00245901093936483,0.00238241662439545,79964,D-9,35:43D-9,0.716055378332052,0.0100576401628209,0.00988832980259289
37:45D-9,0.636515890606129,0.00218963714643889,0.00215772673132914,79964,D-9,35:43D-9,0.716055378332052,0.0100576401628209,0.00988832980259289
38:46D-9,0.333140786968708,0.00270848416387838,0.00272691169816676,79964,D-9,35:43D-9,0.716055378332052,0.0100576401628209,0.00988832980259289
39:47D-9,0.063777107824195,0.000185965543995105,0.000178944816196181,79964,D-9,35:43D-9,0.716055378332052,0.0100576401628209,0.00988832980259289
40:48D-9,0.0366786259904617,3.21069019458221e-05,3.19264986755631e-05,79964,D-9,35:43D-9,0.716055378332052,0.0100576401628209,0.00988832980259289
25:34D-10,0.706045491967072,0.000191221077649519,0.00018795935776577,79964,D-10,27:36D-10,0.810162110804295,0.00294807236420714,0.00289789022752927
26:35D-10,0.794635502874472,0.000676050450888653,0.000667062285884819,79964,D-10,27:36D-10,0.810162110804295,0.00294807236420714,0.00289789022752927
27:36D-10,0.824249594637095,0.00208080083566896,0.00204286858387872,79964,D-10,27:36D-10,0.810162110804295,0.00294807236420714,0.00289789022752927
28:37D-10,0.86691794360902,0.00496558654725986,0.00482653901857118,79964,28:37D-10,28:37D-10,0.86691794360902,0.00496558654725986,0.00482653901857118
29:38D-10,0.846392684762044,0.00168181338391101,0.00163335651886821,79964,29:38D-10,29:38D-10,0.846392684762044,0.00168181338391101,0.00163335651886821
30:39D-10,0.773395884869411,0.0010831308632898,0.00105091163857569,79964,30:39D-10,30:39D-10,0.773395884869411,0.0010831308632898,0.00105091163857569
31:40D-10,0.835044780275269,0.00081755195663607,0.000770856440737331,79964,31:40D-10,31:40D-10,0.835044780275269,0.00081755195663607,0.000770856440737331
32:41D-10,0.88428470245902,0.00100196269316906,0.000958454875572811,79964,32:41D-10,32:41D-10,0.88428470245902,0.00100196269316906,0.000958454875572811
33:42D-10,0.887186991781795,0.00136867210059355,0.00131206482274579,79964,33:42D-10,33:42D-10,0.887186991781795,0.00136867210059355,0.00131206482274579
34:43D-10,0.862553667289793,0.00128151797150174,0.00124957690255782,79964,D-10,34:43D-10,0.712226169673008,0.00898332648776886,0.00882655701738405
35:44D-10,0.85297138138404,0.00166563241899701,0.00160003913159228,79964,D-10,34:43D-10,0.712226169673008,0.00898332648776886,0.00882655701738405
36:45D-10,0.746195558950242,0.00176626488407031,0.00172101790102512,79964,D-10,34:43D-10,0.712226169673008,0.00898332648776886,0.00882655701738405
37:46D-10,0.605909337244323,0.00180914461865603,0.00178501926970749,79964,D-10,34:43D-10,0.712226169673008,0.00898332648776886,0.00882655701738405
38:47D-10,0.281863215131427,0.00229583321157037,0.00230763961136585,79964,D-10,34:43D-10,0.712226169673008,0.00898332648776886,0.00882655701738405
39:48D-10,0.0647360117652866,0.000137240627418499,0.000140684517752577,79964,D-10,34:43D-10,0.712226169673008,0.00898332648776886,0.00882655701738405
40:49D-10,0.0396703819880254,2.76927555550015e-05,2.2579683383169e-05,79964,D-10,34:43D-10,0.712226169673008,0.00898332648776886,0.00882655701738405
24:34D-11,0.751626162418679,0.000145488843411188,0.000148926906867494,79964,D-11,26:36D-11,0.814760807560138,0.00222389954409398,0.00221381647422104
25:35D-11,0.782972447151954,0.000515781173311974,0.000514300561728732,79964,D-11,26:36D-11,0.814760807560138,0.00222389954409398,0.00221381647422104
26:36D-11,0.830419228449951,0.00156262952737083,0.00155058900562482,79964,D-11,26:36D-11,0.814760807560138,0.00222389954409398,0.00221381647422104
27:37D-11,0.86003490262574,0.00402618655748067,0.00391117754766004,79964,27:37D-11,27:37D-11,0.86003490262574,0.00402618655748067,0.00391117754766004
28:38D-11,0.81710801732657,0.00157421625454436,0.00148104577360969,79964,28:38D-11,28:38D-11,0.81710801732657,0.00157421625454436,0.00148104577360969
29:39D-11,0.801860341115636,0.000997533470525643,0.000953190844399886,79964,29:39D-11,29:39D-11,0.801860341115636,0.000997533470525643,0.000953190844399886
30:40D-11,0.780251060891636,0.000773670480196179,0.000738942587278564,79964,30:40D-11,30:40D-11,0.780251060891636,0.000773670480196179,0.000738942587278564
31:41D-11,0.824854463900239,0.000904879278996134,0.000841396401222711,79964,31:41D-11,31:41D-11,0.824854463900239,0.000904879278996134,0.000841396401222711
32:42D-11,0.862205046675623,0.00093462954828447,0.000901690718601215,79964,32:42D-11,32:42D-11,0.862205046675623,0.00093462954828447,0.000901690718601215
33:43D-11,0.847331274929366,0.00100177168134563,0.000987411947620845,79964,D-11,33:43D-11,0.726847132455164,0.00841599711103123,0.00827360359437589
34:44D-11,0.849774349119813,0.00112205572044058,0.00108342082317532,79964,D-11,33:43D-11,0.726847132455164,0.00841599711103123,0.00827360359437589
35:45D-11,0.826960917899778,0.00140386893991242,0.0013341951092204,79964,D-11,33:43D-11,0.726847132455164,0.00841599711103123,0.00827360359437589
36:46D-11,0.737701891504507,0.00162852681973431,0.0015814405718326,79964,D-11,33:43D-11,0.726847132455164,0.00841599711103123,0.00827360359437589
37:47D-11,0.543173703438914,0.00149806003579184,0.00149835531191566,79964,D-11,33:43D-11,0.726847132455164,0.00841599711103123,0.00827360359437589
38:48D-11,0.230431992561221,0.00163412463666731,0.00165856694509687,79964,D-11,33:43D-11,0.726847132455164,0.00841599711103123,0.00827360359437589
39:49D-11,0.0433032618103636,0.000109108616518705,0.000111721286575607,79964,D-11,33:43D-11,0.726847132455164,0.00841599711103123,0.00827360359437589
40:50D-11,0.0690797016163046,1.84806606205751e-05,1.84915989388059e-05,79964,D-11,33:43D-11,0.726847132455164,0.00841599711103123,0.00827360359437589
23:34D-12,0.857742033398758,0.000160779247993872,0.000165790555860687,79964,D-12,25:36D-12,0.855029002567567,0.00213984871039006,0.00212460568155098
24:35D-12,0.881073547768332,0.000529784767566129,0.000527694716309295,79964,D-12,25:36D-12,0.855029002567567,0.00213984871039006,0.00212460568155098
25:36D-12,0.846137852467868,0.00144928469483007,0.00143112040938098,79964,D-12,25:36D-12,0.855029002567567,0.00213984871039006,0.00212460568155098
26:37D-12,0.864725404770598,0.00349070954681439,0.00338733508169663,79964,26:37D-12,26:37D-12,0.864725404770598,0.00349070954681439,0.00338733508169663
27:38D-12,0.85953269284203,0.00189766366389296,0.00181336163189891,79964,27:38D-12,27:38D-12,0.85953269284203,0.00189766366389296,0.00181336163189891
28:39D-12,0.820573224404595,0.00112028647563865,0.00109952657534881,79964,28:39D-12,28:39D-12,0.820573224404595,0.00112028647563865,0.00109952657534881
29:40D-12,0.840790688160818,0.000885307250824149,0.00086935429464143,79964,29:40D-12,29:40D-12,0.840790688160818,0.000885307250824149,0.00086935429464143
30:41D-12,0.871183766662833,0.00101726710055479,0.000972844465465784,79964,30:41D-12,30:41D-12,0.871183766662833,0.00101726710055479,0.000972844465465784
31:42D-12,0.837532392887747,0.0011243518997474,0.00108162970462183,79964,31:42D-12,31:42D-12,0.837532392887747,0.0011243518997474,0.00108162970462183
32:43D-12,0.853146964849716,0.00101856877704568,0.000995271653206714,79964,32:43D-12,32:43D-12,0.853146964849716,0.00101856877704568,0.000995271653206714
33:44D-12,0.882058454290258,0.00118537706500953,0.00115139794951065,79964,D-12,33:44D-12,0.745275855960944,0.00813117830732447,0.00796357187047434
34:45D-12,0.823587719694208,0.00116233816286913,0.00111522774433876,79964,D-12,33:44D-12,0.745275855960944,0.00813117830732447,0.00796357187047434
35:46D-12,0.807419762267707,0.00143501055446964,0.00139230123654535,79964,D-12,33:44D-12,0.745275855960944,0.00813117830732447,0.00796357187047434
36:47D-12,0.734399485592284,0.0015304535777975,0.00148426488692691,79964,D-12,33:44D-12,0.745275855960944,0.00813117830732447,0.00796357187047434
37:48D-12,0.572193965496101,0.00137915054806534,0.00134096102852652,79964,D-12,33:44D-12,0.745275855960944,0.00813117830732447,0.00796357187047434
38:49D-12,0.214237816823186,0.00133456751956736,0.00136765029362356,79964,D-12,33:44D-12,0.745275855960944,0.00813117830732447,0.00796357187047434
39:50D-12,0.0345423149169155,9.28951719363336e-05,9.71837073866906e-05,79964,D-12,33:44D-12,0.745275855960944,0.00813117830732447,0.00796357187047434
40:51D-12,0.00235713309468004,1.13857076098028e-05,1.45850236160434e-05,79964,D-12,33:44D-12,0.745275855960944,0.00813117830732447,0.00796357187047434
22:34D-13,0.521218263031778,9.59825635368167e-05,9.10805966692529e-05,79964,D-13,24:36D-13,0.742027388380927,0.00146876105395486,0.00143474739730472
23:35D-13,0.695271648212789,0.000329554986041851,0.000312147917778778,79964,D-13,24:36D-13,0.742027388380927,0.00146876105395486,0.00143474739730472
24:36D-13,0.76921179103526,0.0010432235043762,0.00103151888285669,79964,D-13,24:36D-13,0.742027388380927,0.00146876105395486,0.00143474739730472
25:37D-13,0.802040267955744,0.00231456619234889,0.0022786504287981,79964,25:37D-13,25:37D-13,0.802040267955744,0.00231456619234889,0.0022786504287981
26:38D-13,0.825239720579076,0.00132616625478213,0.00125216208817448,79964,26:38D-13,26:38D-13,0.825239720579076,0.00132616625478213,0.00125216208817448
27:39D-13,0.746907606121455,0.000872751141986436,0.000828063448866675,79964,D-13,27:39D-13,0.734714966935498,0.00149759019763356,0.00143998841694614
28:40D-13,0.72368430429846,0.000624839055647129,0.000611924968079461,79964,D-13,27:39D-13,0.734714966935498,0.00149759019763356,0.00143998841694614
29:41D-13,0.707361991877459,0.000785634358055998,0.000765251611412907,79964,D-13,29:41D-13,0.702144215303556,0.00893954343627686,0.00874078288017803
30:42D-13,0.707805901068042,0.000869191843335709,0.00084114565761435,79964,D-13,29:41D-13,0.702144215303556,0.00893954343627686,0.00874078288017803
31:43D-13,0.707048252348211,0.000736230356159704,0.00071104827413363,79964,D-13,29:41D-13,0.702144215303556,0.00893954343627686,0.00874078288017803
32:44D-13,0.782902608797813,0.000702027960645993,0.000693913819401192,79964,D-13,29:41D-13,0.702144215303556,0.00893954343627686,0.00874078288017803
33:45D-13,0.771642392473095,0.000725500487399324,0.000703686946910805,79964,D-13,29:41D-13,0.702144215303556,0.00893954343627686,0.00874078288017803
34:46D-13,0.807546838212867,0.000827204143761415,0.000784392064037975,79964,D-13,29:41D-13,0.702144215303556,0.00893954343627686,0.00874078288017803
35:47D-13,0.720107967247014,0.000936837841985384,0.000890497405732129,79964,D-13,29:41D-13,0.702144215303556,0.00893954343627686,0.00874078288017803
36:48D-13,0.631226986364141,0.00107007768330345,0.00105104203932868,79964,D-13,29:41D-13,0.702144215303556,0.00893954343627686,0.00874078288017803
37:49D-13,0.474758316087355,0.000992853242599081,0.000996406322618318,79964,D-13,29:41D-13,0.702144215303556,0.00893954343627686,0.00874078288017803
38:50D-13,0.181336473987836,0.00120380541116524,0.00121568931429805,79964,D-13,29:41D-13,0.702144215303556,0.00893954343627686,0.00874078288017803
39:51D-13,0.0434304216108444,7.73058926011634e-05,7.44710294334441e-05,79964,D-13,29:41D-13,0.702144215303556,0.00893954343627686,0.00874078288017803
40:52D-13,0.00855871591591995,1.28742152646553e-05,1.32383952566555e-05,79964,D-13,29:41D-13,0.702144215303556,0.00893954343627686,0.00874078288017803
21:34D-14,0.537173549893894,6.90401550708632e-05,7.09458869805334e-05,79964,D-14,24:37D-14,0.765552283736304,0.00291624216005835,0.00287699984527186
22:35D-14,0.687968101734024,0.000258031414371806,0.000248309331632186,79964,D-14,24:37D-14,0.765552283736304,0.00291624216005835,0.00287699984527186
23:36D-14,0.735216439769703,0.000744095514546127,0.000729166836474989,79964,D-14,24:37D-14,0.765552283736304,0.00291624216005835,0.00287699984527186
24:37D-14,0.79215680127021,0.00184507507606958,0.00182857779018419,79964,D-14,24:37D-14,0.765552283736304,0.00291624216005835,0.00287699984527186
25:38D-14,0.784990356284395,0.000966229423055132,0.000944829130654724,79964,D-14,25:38D-14,0.721782833845593,0.00468914771354111,0.00455231758363448
26:39D-14,0.731910409101764,0.000712546726585938,0.000684711797533416,79964,D-14,25:38D-14,0.721782833845593,0.00468914771354111,0.00455231758363448
27:40D-14,0.722781782409041,0.000592802797157519,0.000570672625308435,79964,D-14,25:38D-14,0.721782833845593,0.00468914771354111,0.00455231758363448
28:41D-14,0.704781510279439,0.000800511226609893,0.000774277623329397,79964,D-14,25:38D-14,0.721782833845593,0.00468914771354111,0.00455231758363448
29:42D-14,0.627831528292442,0.00085457162785283,0.000817189928714348,79964,D-14,25:38D-14,0.721782833845593,0.00468914771354111,0.00455231758363448
30:43D-14,0.662673430177402,0.000762485912279827,0.000760636478094279,79964,D-14,25:38D-14,0.721782833845593,0.00468914771354111,0.00455231758363448
31:44D-14,0.750154114832319,0.000736130724230288,0.000720360662031668,79964,D-14,31:44D-14,0.632829013064081,0.00625562491340548,0.00613723598809754
32:45D-14,0.709674633355008,0.000640525590743288,0.000635578504316842,79964,D-14,31:44D-14,0.632829013064081,0.00625562491340548,0.00613723598809754
33:46D-14,0.71827462684425,0.000608283028999075,0.000601501145652227,79964,D-14,31:44D-14,0.632829013064081,0.00625562491340548,0.00613723598809754
34:47D-14,0.724655664383426,0.000642285713499792,0.000629071238862024,79964,D-14,31:44D-14,0.632829013064081,0.00625562491340548,0.00613723598809754
35:48D-14,0.673518042748435,0.000794985835559414,0.000752208635136965,79964,D-14,31:44D-14,0.632829013064081,0.00625562491340548,0.00613723598809754
36:49D-14,0.623163141275566,0.000893929425261116,0.000861472224822367,79964,D-14,31:44D-14,0.632829013064081,0.00625562491340548,0.00613723598809754
37:50D-14,0.422105089516534,0.000878127899834847,0.00085419046382513,79964,D-14,31:44D-14,0.632829013064081,0.00625562491340548,0.00613723598809754
38:51D-14,0.162546477003157,0.000982440386114353,0.00100098102786675,79964,D-14,31:44D-14,0.632829013064081,0.00625562491340548,0.00613723598809754
39:52D-14,0.0268315325945323,6.75647379371793e-05,6.76998424170809e-05,79964,D-14,31:44D-14,0.632829013064081,0.00625562491340548,0.00613723598809754
40:53D-14,0.0436202630957728,1.13515712262459e-05,1.4172243166593e-05,79964,D-14,31:44D-14,0.632829013064081,0.00625562491340548,0.00613723598809754
20:34D-15,0.820176806308107,8.73982672658583e-05,9.55211249470257e-05,79964,D-15,23:37D-15,0.794967357843726,0.0025545596146292,0.0025354854431442
21:35D-15,0.724787214395119,0.000245919502950259,0.000244700350399296,79964,D-15,23:37D-15,0.794967357843726,0.0025545596146292,0.0025354854431442
22:36D-15,0.784163232671635,0.000695338636395928,0.000686963745543948,79964,D-15,23:37D-15,0.794967357843726,0.0025545596146292,0.0025354854431442
23:37D-15,0.811985453180684,0.00152590320801719,0.00150830022225394,79964,D-15,23:37D-15,0.794967357843726,0.0025545596146292,0.0025354854431442
24:38D-15,0.839432851698212,0.000959737243340866,0.000910297574253866,79964,D-15,24:38D-15,0.796591897186246,0.00314334469559564,0.00298366460853537
25:39D-15,0.77991858553498,0.000631777921518609,0.000595251085706303,79964,D-15,24:38D-15,0.796591897186246,0.00314334469559564,0.00298366460853537
26:40D-15,0.804783728502102,0.00065923685103312,0.000622076108986626,79964,D-15,24:38D-15,0.796591897186246,0.00314334469559564,0.00298366460853537
27:41D-15,0.711894238754962,0.000892592679703073,0.000856039839588573,79964,D-15,24:38D-15,0.796591897186246,0.00314334469559564,0.00298366460853537
28:42D-15,0.664911025622216,0.000944516320839801,0.000938519880988454,79964,D-15,28:42D-15,0.681232722794172,0.0090785617106481,0.00891370255209662
29:43D-15,0.698893755758307,0.000956616049959587,0.000930487344696095,79964,D-15,28:42D-15,0.681232722794172,0.0090785617106481,0.00891370255209662
30:44D-15,0.734609210795337,0.000943872440737932,0.000926427482850592,79964,D-15,28:42D-15,0.681232722794172,0.0090785617106481,0.00891370255209662
31:45D-15,0.728588084911369,0.00078253743357196,0.000756194733372439,79964,D-15,28:42D-15,0.681232722794172,0.0090785617106481,0.00891370255209662
32:46D-15,0.74995033690047,0.00066919023588546,0.000651176073083039,79964,D-15,28:42D-15,0.681232722794172,0.0090785617106481,0.00891370255209662
33:47D-15,0.729736629155475,0.000647468289970336,0.000628937754132254,79964,D-15,28:42D-15,0.681232722794172,0.0090785617106481,0.00891370255209662
34:48D-15,0.72558594942516,0.000650881115435607,0.00061418566433701,79964,D-15,28:42D-15,0.681232722794172,0.0090785617106481,0.00891370255209662
35:49D-15,0.700959268690834,0.000766895078637362,0.000751801674547473,79964,D-15,28:42D-15,0.681232722794172,0.0090785617106481,0.00891370255209662
36:50D-15,0.611547097025741,0.000839683567731084,0.000821495004390687,79964,D-15,28:42D-15,0.681232722794172,0.0090785617106481,0.00891370255209662
37:51D-15,0.42865820671298,0.000786761094252805,0.000780482719620189,79964,D-15,28:42D-15,0.681232722794172,0.0090785617106481,0.00891370255209662
38:52D-15,0.17556467453582,0.00100712348293435,0.00102866876096501,79964,D-15,28:42D-15,0.681232722794172,0.0090785617106481,0.00891370255209662
39:53D-15,0.0274459678382801,7.09896768547825e-05,7.43425686909505e-05,79964,D-15,28:42D-15,0.681232722794172,0.0090785617106481,0.00891370255209662
40:54D-15,0.00623675983319589,1.20269238372305e-05,1.09828904227413e-05,79964,D-15,28:42D-15,0.681232722794172,0.0090785617106481,0.00891370255209662
19:34D-16,0.372319572407379,5.70264635780467e-05,6.23036433846652e-05,79964,D-16,22:37D-16,0.670448630062499,0.0018534674276691,0.0018545908538279
20:35D-16,0.486467290977171,0.000181911692941757,0.000186776772876675,79964,D-16,22:37D-16,0.670448630062499,0.0018534674276691,0.0018545908538279
21:36D-16,0.569660871768201,0.000509174701897919,0.000510128123450284,79964,D-16,22:37D-16,0.670448630062499,0.0018534674276691,0.0018545908538279
22:37D-16,0.730600093853438,0.0011053545692514,0.00109538231411627,79964,D-16,22:37D-16,0.670448630062499,0.0018534674276691,0.0018545908538279
23:38D-16,0.696878200093644,0.000636368445891165,0.000576704256719705,79964,D-16,38:53D-16,0.618872181076005,0.0109359162211251,0.0107673220051647
24:39D-16,0.746785464693718,0.000529598851420508,0.00051483637739487,79964,D-16,38:53D-16,0.618872181076005,0.0109359162211251,0.0107673220051647
25:40D-16,0.704995844301028,0.000450660293060433,0.00042596285094789,79964,D-16,38:53D-16,0.618872181076005,0.0109359162211251,0.0107673220051647
26:41D-16,0.692440398948968,0.000758958680635811,0.000724776565371322,79964,D-16,38:53D-16,0.618872181076005,0.0109359162211251,0.0107673220051647
27:42D-16,0.596997351913068,0.000850973889983568,0.000837195765661144,79964,D-16,38:53D-16,0.618872181076005,0.0109359162211251,0.0107673220051647
28:43D-16,0.572008773346175,0.000753967751268447,0.000748691496410766,79964,D-16,38:53D-16,0.618872181076005,0.0109359162211251,0.0107673220051647
29:44D-16,0.598924560577691,0.000822238592629132,0.000826276272620033,79964,D-16,38:53D-16,0.618872181076005,0.0109359162211251,0.0107673220051647
30:45D-16,0.56780818828498,0.000738117623019362,0.000745097503282547,79964,D-16,38:53D-16,0.618872181076005,0.0109359162211251,0.0107673220051647
31:46D-16,0.508020288100963,0.000624566273799164,0.000619472533245431,79964,D-16,38:53D-16,0.618872181076005,0.0109359162211251,0.0107673220051647
32:47D-16,0.531746000439413,0.000492649656366603,0.000481045686679984,79964,D-16,38:53D-16,0.618872181076005,0.0109359162211251,0.0107673220051647
33:48D-16,0.645793009668652,0.000457950123926518,0.000433738244937176,79964,D-16,38:53D-16,0.618872181076005,0.0109359162211251,0.0107673220051647
34:49D-16,0.632825784561057,0.000453905598363805,0.000426983779896757,79964,D-16,38:53D-16,0.618872181076005,0.0109359162211251,0.0107673220051647
35:50D-16,0.638420230931116,0.000531513367647203,0.000502451993664853,79964,D-16,38:53D-16,0.618872181076005,0.0109359162211251,0.0107673220051647
36:51D-16,0.476791870699385,0.000636935767687505,0.000632326031253342,79964,D-16,38:53D-16,0.618872181076005,0.0109359162211251,0.0107673220051647
37:52D-16,0.382863785333225,0.000745023832660225,0.000768071889241357,79964,D-16,38:53D-16,0.618872181076005,0.0109359162211251,0.0107673220051647
38:53D-16,0.199365754570408,0.00136447239596171,0.00141160317656856,79964,D-16,38:53D-16,0.618872181076005,0.0109359162211251,0.0107673220051647
39:54D-16,0.0234599182865133,7.73117456305958e-05,8.09042589826923e-05,79964,D-16,38:53D-16,0.618872181076005,0.0109359162211251,0.0107673220051647
40:55D-16,0.0040758984542592,1.07033311735372e-05,1.11833222865147e-05,79964,D-16,38:53D-16,0.618872181076005,0.0109359162211251,0.0107673220051647
18:34D-17,0.344992029017741,5.30189121270188e-05,5.03802576568188e-05,79964,D-17,D-17,0.615952252880116,0.0117273712761772,0.0115726212511565
19:35D-17,0.894048860802098,0.000163461207588546,0.000171692940242164,79964,D-17,D-17,0.615952252880116,0.0117273712761772,0.0115726212511565
20:36D-17,0.559815206742028,0.000408142737294173,0.000404125272535344,79964,D-17,D-17,0.615952252880116,0.0117273712761772,0.0115726212511565
21:37D-17,0.617759079786573,0.00089465978314855,0.000879711021143968,79964,D-17,D-17,0.615952252880116,0.0117273712761772,0.0115726212511565
22:38D-17,0.698805360453886,0.000500512427100354,0.000471939169900776,79964,D-17,D-17,0.615952252880116,0.0117273712761772,0.0115726212511565
23:39D-17,0.632206443782574,0.000340886985991042,0.000327319157098367,79964,D-17,D-17,0.615952252880116,0.0117273712761772,0.0115726212511565
24:40D-17,0.677352532577157,0.000339827734668442,0.000330214473581796,79964,D-17,D-17,0.615952252880116,0.0117273712761772,0.0115726212511565
25:41D-17,0.648701227878682,0.000575070361729353,0.000558669349522728,79964,D-17,D-17,0.615952252880116,0.0117273712761772,0.0115726212511565
26:42D-17,0.603772386963441,0.000778665485506802,0.000774741260241866,79964,D-17,D-17,0.615952252880116,0.0117273712761772,0.0115726212511565
27:43D-17,0.54484492730967,0.000671474935288797,0.000657174760017097,79964,D-17,D-17,0.615952252880116,0.0117273712761772,0.0115726212511565
28:44D-17,0.552503950202458,0.000812472586553549,0.000803620234395554,79964,D-17,D-17,0.615952252880116,0.0117273712761772,0.0115726212511565
29:45D-17,0.515462943988989,0.00076491898320447,0.000778618058491669,79964,D-17,D-17,0.615952252880116,0.0117273712761772,0.0115726212511565
30:46D-17,0.475741005576642,0.000718391406827606,0.000682103023582472,79964,D-17,D-17,0.615952252880116,0.0117273712761772,0.0115726212511565
31:47D-17,0.55337768005547,0.000568219858913604,0.000549943444394296,79964,D-17,D-17,0.615952252880116,0.0117273712761772,0.0115726212511565
32:48D-17,0.658956105092298,0.00043110642874149,0.000418284811875862,79964,D-17,D-17,0.615952252880116,0.0117273712761772,0.0115726212511565
33:49D-17,0.608661650023996,0.000376300892712419,0.000363531078715066,79964,D-17,D-17,0.615952252880116,0.0117273712761772,0.0115726212511565
34:50D-17,0.646983771437619,0.000365045740680323,0.00037116830849313,79964,D-17,D-17,0.615952252880116,0.0117273712761772,0.0115726212511565
35:51D-17,0.540051089758318,0.000443593898244854,0.000440119180662798,79964,D-17,D-17,0.615952252880116,0.0117273712761772,0.0115726212511565
36:52D-17,0.465696161496631,0.000554525775828073,0.000548523374118891,79964,D-17,D-17,0.615952252880116,0.0117273712761772,0.0115726212511565
37:53D-17,0.34774694696197,0.000697449010792691,0.000701791291874985,79964,D-17,D-17,0.615952252880116,0.0117273712761772,0.0115726212511565
38:54D-17,0.18386356702155,0.00119010532723883,0.00121282598627028,79964,D-17,D-17,0.615952252880116,0.0117273712761772,0.0115726212511565
39:55D-17,0.0214754683950951,6.92250545687419e-05,6.82107003136018e-05,79964,D-17,D-17,0.615952252880116,0.0117273712761772,0.0115726212511565
40:56D-17,-4.39434656969238e-05,1.02957414277683e-05,7.91409602723497e-06,79964,D-17,D-17,0.615952252880116,0.0117273712761772,0.0115726212511565
12:35D-24,0.9481671592653,7.15309844811748e-05,6.87629107463873e-05,79964,D-24,D-18+,0.781714893609777,0.0966089256490141,0.0953766943080105
11:34D-24,0.934272885942877,2.20391354148395e-05,2.56289572387364e-05,79964,D-24,D-18+,0.781714893609777,0.0966089256490141,0.0953766943080105
12:38D-27,0.858211200393792,0.000128099778499186,0.00012213808297987,79964,D-27,D-18+,0.781714893609777,0.0966089256490141,0.0953766943080105
10:37D-28,0.852907107086083,0.000146701737924415,0.000151392139413565,79964,D-28,D-18+,0.781714893609777,0.0966089256490141,0.0953766943080105
18:36D-19,0.812603194077331,0.000410217486653193,0.00040627446604187,79964,D-19,D-18+,0.781714893609777,0.0966089256490141,0.0953766943080105
20:40D-21,0.801931906098774,0.000242990830507129,0.000236238348781891,79964,D-21,D-18+,0.781714893609777,0.0966089256490141,0.0953766943080105
17:40D-24,0.793381759684608,0.000163879367889007,0.000155090206679721,79964,D-24,D-18+,0.781714893609777,0.0966089256490141,0.0953766943080105
14:34D-21,0.790932265290936,4.21007969273269e-05,4.10213275113252e-05,79964,D-21,D-18+,0.781714893609777,0.0966089256490141,0.0953766943080105
18:41D-24,0.781751039473552,0.000215912658667549,0.000212390128790651,79964,D-24,D-18+,0.781714893609777,0.0966089256490141,0.0953766943080105
11:39D-29,0.779895310535852,5.12985763634697e-05,5.46284431489641e-05,79964,D-29,D-18+,0.781714893609777,0.0966089256490141,0.0953766943080105
17:34D-18,0.77557621655187,7.23777816307011e-05,7.56131548123458e-05,79964,D-18,D-18+,0.781714893609777,0.0966089256490141,0.0953766943080105
13:36D-24,0.765974546243979,0.000151932332106113,0.000156000397020994,79964,D-24,D-18+,0.781714893609777,0.0966089256490141,0.0953766943080105
21:44D-24,0.758345595407606,0.000249403682860328,0.000242837504493554,79964,D-24,D-18+,0.781714893609777,0.0966089256490141,0.0953766943080105
21:38D-18,0.753189773517817,0.000471454175844447,0.000455507598571418,79964,D-18,D-18+,0.781714893609777,0.0966089256490141,0.0953766943080105
33:56D-24,0.753145645290232,0.000161314473448754,0.00016252907610022,79964,D-24,D-18+,0.781714893609777,0.0966089256490141,0.0953766943080105
20:37D-18,0.75153318517679,0.000926587482510156,0.000915085343739417,79964,D-18,D-18+,0.781714893609777,0.0966089256490141,0.0953766943080105
21:40D-20,0.751248370600611,0.000200871044827554,0.000202863962845744,79964,D-20,D-18+,0.781714893609777,0.0966089256490141,0.0953766943080105
18:38D-21,0.746381857875865,0.000315994403567888,0.000320722432709435,79964,D-21,D-18+,0.781714893609777,0.0966089256490141,0.0953766943080105
24:41D-18,0.742155951689666,0.000572819678535607,0.000548738294902592,79964,D-18,D-18+,0.781714893609777,0.0966089256490141,0.0953766943080105
19:36D-18,0.741314597522322,0.000471306198693273,0.000466505155675886,79964,D-18,D-18+,0.781714893609777,0.0966089256490141,0.0953766943080105
18:35D-18,0.737530335526686,0.000214740361857927,0.000190242634226346,79964,D-18,D-18+,0.781714893609777,0.0966089256490141,0.0953766943080105
13:41D-29,0.732885618148709,9.3122728440533e-05,8.53151260894297e-05,79964,D-29,D-18+,0.781714893609777,0.0966089256490141,0.0953766943080105
13:37D-25,0.725635169930439,0.000226244524525054,0.000226809588296074,79964,D-25,D-18+,0.781714893609777,0.0966089256490141,0.0953766943080105
23:40D-18,0.706867072568288,0.000369854945632408,0.00036157944539531,79964,D-18,D-18+,0.781714893609777,0.0966089256490141,0.0953766943080105
9:35D-27,0.705238386931515,3.56697963548704e-05,3.41339049085252e-05,79964,D-27,D-18+,0.781714893609777,0.0966089256490141,0.0953766943080105
20:38D-19,0.704586796143947,0.000364467852690286,0.000351961627587114,79964,D-19,D-18+,0.781714893609777,0.0966089256490141,0.0953766943080105
22:39D-18,0.702133008197115,0.000368888495286948,0.000350844731928767,79964,D-18,D-18+,0.781714893609777,0.0966089256490141,0.0953766943080105
13:39D-27,0.69727663395293,9.63884546923515e-05,9.94138616155923e-05,79964,D-27,D-18+,0.781714893609777,0.0966089256490141,0.0953766943080105
16:39D-24,0.693896330679044,0.000180342327763885,0.000172497167855312,79964,D-24,D-18+,0.781714893609777,0.0966089256490141,0.0953766943080105
33:50D-18,0.693751784788466,0.000393852246474078,0.000376859053573762,79964,D-18,D-18+,0.781714893609777,0.0966089256490141,0.0953766943080105
13:34D-22,0.683740576741288,2.7456364093816e-05,2.5403069951835e-05,79964,D-22,D-18+,0.781714893609777,0.0966089256490141,0.0953766943080105
16:36D-21,0.677216119753207,0.000316630382701126,0.000321553019338483,79964,D-21,D-18+,0.781714893609777,0.0966089256490141,0.0953766943080105
25:42D-18,0.671145029005214,0.000563107811866868,0.00055299740574803,79964,D-18,D-18+,0.781714893609777,0.0966089256490141,0.0953766943080105
14:37D-24,0.670274414198152,0.000362391316156931,0.000357120843255214,79964,D-24,D-18+,0.781714893609777,0.0966089256490141,0.0953766943080105
24:47D-24,0.656732108170595,0.000282379791389743,0.000281183208673853,79964,D-24,D-18+,0.781714893609777,0.0966089256490141,0.0953766943080105
21:41D-21,0.654894887665347,0.00032138099337374,0.000320517234606619,79964,D-21,D-18+,0.781714893609777,0.0966089256490141,0.0953766943080105
14:40D-27,0.650345456518679,9.95997783874348e-05,0.000101224046087133,79964,D-27,D-18+,0.781714893609777,0.0966089256490141,0.0953766943080105
15:41D-27,0.639140836661276,0.000160318807752556,0.000155557361431208,79964,D-27,D-18+,0.781714893609777,0.0966089256490141,0.0953766943080105
23:43D-21,0.637898064627398,0.000345323626322923,0.000345297564414671,79964,D-21,D-18+,0.781714893609777,0.0966089256490141,0.0953766943080105
19:39D-21,0.634734698720451,0.000240743381123719,0.000232138260166643,79964,D-21,D-18+,0.781714893609777,0.0966089256490141,0.0953766943080105
27:44D-18,0.634663479710465,0.000863409735991696,0.000872005041229758,79964,D-18,D-18+,0.781714893609777,0.0966089256490141,0.0953766943080105
15:38D-24,0.629220818840916,0.000232841744590749,0.000232506676159951,79964,D-24,D-18+,0.781714893609777,0.0966089256490141,0.0953766943080105
17:37D-21,0.628607859930495,0.00067745420843962,0.000682588307423363,79964,D-21,D-18+,0.781714893609777,0.0966089256490141,0.0953766943080105
30:50D-21,0.627176633848731,0.000447827860984241,0.000440206275369123,79964,D-21,D-18+,0.781714893609777,0.0966089256490141,0.0953766943080105
19:38D-20,0.622387131680466,0.000282437969903614,0.000276526758087316,79964,D-20,D-18+,0.781714893609777,0.0966089256490141,0.0953766943080105
29:46D-18,0.617817693114464,0.000823376334475571,0.000815567669607307,79964,D-18,D-18+,0.781714893609777,0.0966089256490141,0.0953766943080105
22:42D-21,0.616585516388868,0.000315264719920312,0.000314235233324883,79964,D-21,D-18+,0.781714893609777,0.0966089256490141,0.0953766943080105
D30+,0.601903205044218,0.0181708677212196,0.0177989655644364,79964,D30+,D-18+,0.781714893609777,0.0966089256490141,0.0953766943080105
19:37D-19,0.600246463267297,0.000753309907486092,0.000764686598182581,79964,D-19,D-18+,0.781714893609777,0.0966089256490141,0.0953766943080105
24:44D-21,0.598807731832733,0.00044079287725481,0.000435966943714103,79964,D-21,D-18+,0.781714893609777,0.0966089256490141,0.0953766943080105
23:41D-19,0.595921042094568,0.000394898112758017,0.000389423642024218,79964,D-19,D-18+,0.781714893609777,0.0966089256490141,0.0953766943080105
25:45D-21,0.595469281484539,0.00049631214138084,0.000501045325202877,79964,D-21,D-18+,0.781714893609777,0.0966089256490141,0.0953766943080105
32:49D-18,0.594548542021442,0.000422263005415756,0.000416169025000213,79964,D-18,D-18+,0.781714893609777,0.0966089256490141,0.0953766943080105
30:47D-18,0.593003117542991,0.000729263489235819,0.00071098105832949,79964,D-18,D-18+,0.781714893609777,0.0966089256490141,0.0953766943080105
34:51D-18,0.590478499979076,0.000372261850947375,0.000364340455150461,79964,D-18,D-18+,0.781714893609777,0.0966089256490141,0.0953766943080105
27:55D-29,0.590093054876086,0.000206328651179881,0.000202797844623075,79964,D-29,D-18+,0.781714893609777,0.0966089256490141,0.0953766943080105
21:39D-19,0.588634841149411,0.000276015607512961,0.000258045853083333,79964,D-19,D-18+,0.781714893609777,0.0966089256490141,0.0953766943080105
28:45D-18,0.58591891809723,0.000859562449010457,0.000858197982746693,79964,D-18,D-18+,0.781714893609777,0.0966089256490141,0.0953766943080105
13:38D-26,0.581829400257059,0.000115676282648041,0.000116269192145132,79964,D-26,D-18+,0.781714893609777,0.0966089256490141,0.0953766943080105
16:37D-22,0.5687122731071,0.000510414331797869,0.000522167405081262,79964,D-22,D-18+,0.781714893609777,0.0966089256490141,0.0953766943080105
35:58D-24,0.566950161553534,0.00013948642572237,0.000136317818380583,79964,D-24,D-18+,0.781714893609777,0.0966089256490141,0.0953766943080105
26:43D-18,0.563553588363341,0.000690046226761983,0.000680195650277874,79964,D-18,D-18+,0.781714893609777,0.0966089256490141,0.0953766943080105
18:37D-20,0.560945373571599,0.000681081371953734,0.000706310141322287,79964,D-20,D-18+,0.781714893609777,0.0966089256490141,0.0953766943080105
11:37D-27,0.559953578345517,0.000167289605943884,0.00016396377079019,79964,D-27,D-18+,0.781714893609777,0.0966089256490141,0.0953766943080105
21:43D-23,0.557615337670879,0.000206675103051651,0.000197462799336049,79964,D-23,D-18+,0.781714893609777,0.0966089256490141,0.0953766943080105
29:57D-29,0.554306162686856,0.000116599260175609,0.000112864993419286,79964,D-29,D-18+,0.781714893609777,0.0966089256490141,0.0953766943080105
20:43D-24,0.554207305489907,0.000214005042088653,0.000217477932375846,79964,D-24,D-18+,0.781714893609777,0.0966089256490141,0.0953766943080105
19:41D-23,0.553006179495075,0.000200444130499352,0.00020301255747113,79964,D-23,D-18+,0.781714893609777,0.0966089256490141,0.0953766943080105
15:36D-22,0.55133967526552,0.000238945622540245,0.000229686945465498,79964,D-22,D-18+,0.781714893609777,0.0966089256490141,0.0953766943080105
23:42D-20,0.549876246796292,0.000352323073778736,0.000353290180615181,79964,D-20,D-18+,0.781714893609777,0.0966089256490141,0.0953766943080105
17:38D-22,0.545388063952424,0.000234279534706565,0.000235999435526264,79964,D-22,D-18+,0.781714893609777,0.0966089256490141,0.0953766943080105
26:44D-19,0.544690477209029,0.000603318155196365,0.000598688681337773,79964,D-19,D-18+,0.781714893609777,0.0966089256490141,0.0953766943080105
14:38D-25,0.544635032779055,0.000165094690592681,0.000155082985229339,79964,D-25,D-18+,0.781714893609777,0.0966089256490141,0.0953766943080105
18:39D-22,0.544434772724842,0.000175387581059282,0.000176425640774876,79964,D-22,D-18+,0.781714893609777,0.0966089256490141,0.0953766943080105
26:46D-21,0.543288367629998,0.000539869309955704,0.000532578083936649,79964,D-21,D-18+,0.781714893609777,0.0966089256490141,0.0953766943080105
35:52D-18,0.54098621539132,0.000442309131732031,0.000447890234016824,79964,D-18,D-18+,0.781714893609777,0.0966089256490141,0.0953766943080105
22:41D-20,0.539890028566489,0.00032965041554242,0.000310532455699199,79964,D-20,D-18+,0.781714893609777,0.0966089256490141,0.0953766943080105
26:49D-24,0.527565517090035,0.00031048568440649,0.000311638731426797,79964,D-24,D-18+,0.781714893609777,0.0966089256490141,0.0953766943080105
27:45D-19,0.525690887579138,0.000695183368843816,0.000673548079148716,79964,D-19,D-18+,0.781714893609777,0.0966089256490141,0.0953766943080105
24:42D-19,0.519076190944279,0.000570209409973579,0.000571513348543744,79964,D-19,D-18+,0.781714893609777,0.0966089256490141,0.0953766943080105
28:51D-24,0.516603149709674,0.00034614367785733,0.000340540201028725,79964,D-24,D-18+,0.781714893609777,0.0966089256490141,0.0953766943080105
20:39D-20,0.515180177554734,0.000220150573862153,0.000203501946358675,79964,D-20,D-18+,0.781714893609777,0.0966089256490141,0.0953766943080105
11:36D-26,0.514939742497319,7.90991177051302e-05,7.4736493209567e-05,79964,D-26,D-18+,0.781714893609777,0.0966089256490141,0.0953766943080105
25:43D-19,0.510768647148036,0.000402118196822336,0.000387303907047068,79964,D-19,D-18+,0.781714893609777,0.0966089256490141,0.0953766943080105
19:40D-22,0.509485695669951,0.000157134992654461,0.000153755127923573,79964,D-22,D-18+,0.781714893609777,0.0966089256490141,0.0953766943080105
25:44D-20,0.504516340329351,0.000473154181605094,0.000452821465189157,79964,D-20,D-18+,0.781714893609777,0.0966089256490141,0.0953766943080105
17:41D-25,0.503239212151329,0.000152546043622045,0.000155673823127322,79964,D-25,D-18+,0.781714893609777,0.0966089256490141,0.0953766943080105
33:53D-21,0.502998515621463,0.000271639621604531,0.000280766974458029,79964,D-21,D-18+,0.781714893609777,0.0966089256490141,0.0953766943080105
24:43D-20,0.501783948719796,0.000373841622269572,0.000361191057341478,79964,D-20,D-18+,0.781714893609777,0.0966089256490141,0.0953766943080105
18:44D-27,0.499925533940509,0.000197293979928988,0.000184551400028158,79964,D-27,D-18+,0.781714893609777,0.0966089256490141,0.0953766943080105
26:45D-20,0.497846956719875,0.000577042401360986,0.000549034183532564,79964,D-20,D-18+,0.781714893609777,0.0966089256490141,0.0953766943080105
33:52D-20,0.49696963215146,0.000257846757147964,0.00025153812703648,79964,D-20,D-18+,0.781714893609777,0.0966089256490141,0.0953766943080105
22:40D-19,0.49681009751864,0.00023931202658855,0.000225071544816516,79964,D-19,D-18+,0.781714893609777,0.0966089256490141,0.0953766943080105
35:55D-21,0.496400475596499,0.000287676911652406,0.000286057665601473,79964,D-21,D-18+,0.781714893609777,0.0966089256490141,0.0953766943080105
18:40D-23,0.491177337460743,0.00014197460727402,0.000130273755781549,79964,D-23,D-18+,0.781714893609777,0.0966089256490141,0.0953766943080105
15:34D-20,0.490520723159715,4.27368260715218e-05,3.80278676891048e-05,79964,D-20,D-18+,0.781714893609777,0.0966089256490141,0.0953766943080105
16:38D-23,0.489024748988519,0.000218715764957737,0.000206617939289785,79964,D-23,D-18+,0.781714893609777,0.0966089256490141,0.0953766943080105
27:46D-20,0.487649531872923,0.000614306325357345,0.000615189630536147,79964,D-20,D-18+,0.781714893609777,0.0966089256490141,0.0953766943080105
10:38D-29,0.484950115775706,6.75696392173037e-05,6.69818719532794e-05,79964,D-29,D-18+,0.781714893609777,0.0966089256490141,0.0953766943080105
27:47D-21,0.482307537171216,0.000610609683072288,0.000586170669817837,79964,D-21,D-18+,0.781714893609777,0.0966089256490141,0.0953766943080105
26:52D-27,0.48105828420351,0.000254102564456689,0.000243100256553697,79964,D-27,D-18+,0.781714893609777,0.0966089256490141,0.0953766943080105
32:50D-19,0.479768006887924,0.000307285832102803,0.000306946015264689,79964,D-19,D-18+,0.781714893609777,0.0966089256490141,0.0953766943080105
28:46D-19,0.478348944358028,0.000703956514406578,0.000670640640566567,79964,D-19,D-18+,0.781714893609777,0.0966089256490141,0.0953766943080105
12:37D-26,0.47570569466708,0.000178320107650786,0.000170772232840847,79964,D-26,D-18+,0.781714893609777,0.0966089256490141,0.0953766943080105
6:34D-29,0.474058183550749,7.15040229388008e-06,8.84852651482083e-06,79964,D-29,D-18+,0.781714893609777,0.0966089256490141,0.0953766943080105
34:52D-19,0.474011298238211,0.000255744794613781,0.000267044662092106,79964,D-19,D-18+,0.781714893609777,0.0966089256490141,0.0953766943080105
32:52D-21,0.465372516477929,0.000281846109578186,0.000278515901422165,79964,D-21,D-18+,0.781714893609777,0.0966089256490141,0.0953766943080105
31:51D-21,0.465104124409639,0.000351176729233286,0.000333639612274632,79964,D-21,D-18+,0.781714893609777,0.0966089256490141,0.0953766943080105
31:48D-18,0.463254211288641,0.000531236171895461,0.000549769643692455,79964,D-18,D-18+,0.781714893609777,0.0966089256490141,0.0953766943080105
15:37D-23,0.459595359180381,0.000420710823333555,0.000413308161640304,79964,D-23,D-18+,0.781714893609777,0.0966089256490141,0.0953766943080105
33:51D-19,0.458065317203641,0.0002511342465177,0.000254873854381058,79964,D-19,D-18+,0.781714893609777,0.0966089256490141,0.0953766943080105
17:36D-20,0.454982674455317,0.000338527928768303,0.000340208438042658,79964,D-20,D-18+,0.781714893609777,0.0966089256490141,0.0953766943080105
28:48D-21,0.452336226759295,0.00056883700140678,0.000547892470109355,79964,D-21,D-18+,0.781714893609777,0.0966089256490141,0.0953766943080105
25:48D-24,0.450775522463682,0.00029052772926608,0.000294927724973988,79964,D-24,D-18+,0.781714893609777,0.0966089256490141,0.0953766943080105
27:50D-24,0.449112474529877,0.000349439603428331,0.000338302979549212,79964,D-24,D-18+,0.781714893609777,0.0966089256490141,0.0953766943080105
11:38D-28,0.446906148432768,7.61570907795223e-05,7.48017001835691e-05,79964,D-28,D-18+,0.781714893609777,0.0966089256490141,0.0953766943080105
36:53D-18,0.446858721015903,0.000551218331549843,0.000536778902762312,79964,D-18,D-18+,0.781714893609777,0.0966089256490141,0.0953766943080105
34:53D-20,0.446015919571145,0.000251700327346862,0.00024850359321501,79964,D-20,D-18+,0.781714893609777,0.0966089256490141,0.0953766943080105
17:39D-23,0.44240726109563,0.000153201611067924,0.000143195468556963,79964,D-23,D-18+,0.781714893609777,0.0966089256490141,0.0953766943080105
28:47D-20,0.438292418426822,0.000619650533779306,0.000624761688826499,79964,D-20,D-18+,0.781714893609777,0.0966089256490141,0.0953766943080105
35:53D-19,0.436251597826182,0.000344336230772605,0.000346628124141312,79964,D-19,D-18+,0.781714893609777,0.0966089256490141,0.0953766943080105
10:36D-27,0.436208213570714,7.6923731370651e-05,7.69751286032375e-05,79964,D-27,D-18+,0.781714893609777,0.0966089256490141,0.0953766943080105
29:52D-24,0.433814550687681,0.000342869197983274,0.000348659364461543,79964,D-24,D-18+,0.781714893609777,0.0966089256490141,0.0953766943080105
29:47D-19,0.425440220603292,0.000647719234131951,0.000642049793508173,79964,D-19,D-18+,0.781714893609777,0.0966089256490141,0.0953766943080105
20:41D-22,0.423802566536832,0.000211613719821693,0.000207986485094112,79964,D-22,D-18+,0.781714893609777,0.0966089256490141,0.0953766943080105
23:46D-24,0.418815233149763,0.00025279194217915,0.000253413604140908,79964,D-24,D-18+,0.781714893609777,0.0966089256490141,0.0953766943080105
35:54D-20,0.418142280669617,0.000330892319654313,0.000334237229358529,79964,D-20,D-18+,0.781714893609777,0.0966089256490141,0.0953766943080105
30:53D-24,0.417060412915583,0.000330151207698084,0.000334291385608841,79964,D-24,D-18+,0.781714893609777,0.0966089256490141,0.0953766943080105
27:53D-27,0.416467736031455,0.000329532217179596,0.00031938991830706,79964,D-27,D-18+,0.781714893609777,0.0966089256490141,0.0953766943080105
34:57D-24,0.414098159059599,0.000112944900303274,0.000118623011712279,79964,D-24,D-18+,0.781714893609777,0.0966089256490141,0.0953766943080105
9:36D-28,0.413478514740714,6.76718938090483e-05,6.51967847484232e-05,79964,D-28,D-18+,0.781714893609777,0.0966089256490141,0.0953766943080105
29:49D-21,0.411623426776094,0.000483587215670799,0.000482040584241895,79964,D-21,D-18+,0.781714893609777,0.0966089256490141,0.0953766943080105
34:54D-21,0.40961445763679,0.000280536018883337,0.00028123322955166,79964,D-21,D-18+,0.781714893609777,0.0966089256490141,0.0953766943080105
23:44D-22,0.407189037529501,0.000314462738887486,0.000302406681353271,79964,D-22,D-18+,0.781714893609777,0.0966089256490141,0.0953766943080105
13:35D-23,0.407160777821647,5.85173281893456e-05,5.65273915702491e-05,79964,D-23,D-18+,0.781714893609777,0.0966089256490141,0.0953766943080105
31:49D-19,0.407145969458578,0.00039737114493047,0.000396539003145083,79964,D-19,D-18+,0.781714893609777,0.0966089256490141,0.0953766943080105
17:35D-19,0.406855257494601,0.000150905163847863,0.000150347015682854,79964,D-19,D-18+,0.781714893609777,0.0966089256490141,0.0953766943080105
32:51D-20,0.39560227472548,0.000257382330993974,0.000257942704151272,79964,D-20,D-18+,0.781714893609777,0.0966089256490141,0.0953766943080105
22:45D-24,0.391298619571989,0.000248294817465875,0.000257154645290683,79964,D-24,D-18+,0.781714893609777,0.0966089256490141,0.0953766943080105
8:35D-28,0.388208978479678,2.4892113643145e-05,2.87685810644664e-05,79964,D-28,D-18+,0.781714893609777,0.0966089256490141,0.0953766943080105
29:48D-20,0.387634645103792,0.000541838553755853,0.000543476614388836,79964,D-20,D-18+,0.781714893609777,0.0966089256490141,0.0953766943080105
16:40D-25,0.386535431205338,0.000111047135763576,0.000106681137486406,79964,D-25,D-18+,0.781714893609777,0.0966089256490141,0.0953766943080105
26:47D-22,0.382622398377222,0.000400646693213162,0.000403230188130285,79964,D-22,D-18+,0.781714893609777,0.0966089256490141,0.0953766943080105
36:54D-19,0.378491556951632,0.000452212848536111,0.00045629613575771,79964,D-19,D-18+,0.781714893609777,0.0966089256490141,0.0953766943080105
30:49D-20,0.377580363251852,0.000454859162303558,0.000448228851759162,79964,D-20,D-18+,0.781714893609777,0.0966089256490141,0.0953766943080105
30:48D-19,0.37711725039256,0.000551672978995208,0.000551094637910355,79964,D-19,D-18+,0.781714893609777,0.0966089256490141,0.0953766943080105
31:50D-20,0.376667752901978,0.000344636785785261,0.000332367251334167,79964,D-20,D-18+,0.781714893609777,0.0966089256490141,0.0953766943080105
16:34D-19,0.376178014509347,4.30050781086565e-05,4.77538716049208e-05,79964,D-19,D-18+,0.781714893609777,0.0966089256490141,0.0953766943080105
14:41D-28,0.374012488911293,0.000116710346614043,0.000113931517695039,79964,D-28,D-18+,0.781714893609777,0.0966089256490141,0.0953766943080105
14:36D-23,0.36844702148196,0.000167976762139348,0.000164307943528111,79964,D-23,D-18+,0.781714893609777,0.0966089256490141,0.0953766943080105
27:51D-25,0.367752718347956,0.000272399865372448,0.000261285554389265,79964,D-25,D-18+,0.781714893609777,0.0966089256490141,0.0953766943080105
24:45D-22,0.360544149962287,0.00033164868919542,0.000316430854022046,79964,D-22,D-18+,0.781714893609777,0.0966089256490141,0.0953766943080105
23:45D-23,0.358550000941935,0.000270712041992704,0.000268857517360767,79964,D-23,D-18+,0.781714893609777,0.0966089256490141,0.0953766943080105
16:35D-20,0.357688227361037,0.000121875825159698,0.000126178460505614,79964,D-20,D-18+,0.781714893609777,0.0966089256490141,0.0953766943080105
21:42D-22,0.355870683906672,0.000302109665865197,0.000300840481042779,79964,D-22,D-18+,0.781714893609777,0.0966089256490141,0.0953766943080105
27:48D-22,0.355800058309141,0.000438275520886594,0.000421475235508279,79964,D-22,D-18+,0.781714893609777,0.0966089256490141,0.0953766943080105
25:46D-22,0.355342093611573,0.000356803067780098,0.000341022661581909,79964,D-22,D-18+,0.781714893609777,0.0966089256490141,0.0953766943080105
32:53D-22,0.353894391065993,0.000224596844488776,0.000228552000217784,79964,D-22,D-18+,0.781714893609777,0.0966089256490141,0.0953766943080105
15:35D-21,0.353483145839173,0.000114560429056465,0.000112279519095953,79964,D-21,D-18+,0.781714893609777,0.0966089256490141,0.0953766943080105
26:48D-23,0.350144517411816,0.000338175350874024,0.000326987877194535,79964,D-23,D-18+,0.781714893609777,0.0966089256490141,0.0953766943080105
28:50D-23,0.349967256390459,0.000360095814911097,0.000348199801553877,79964,D-23,D-18+,0.781714893609777,0.0966089256490141,0.0953766943080105
19:42D-24,0.348174462641872,0.00023175824176945,0.000221043381860534,79964,D-24,D-18+,0.781714893609777,0.0966089256490141,0.0953766943080105
32:55D-24,0.347788363898254,0.000213199856030681,0.000214673784233811,79964,D-24,D-18+,0.781714893609777,0.0966089256490141,0.0953766943080105
28:49D-22,0.346192540025456,0.000410984782536124,0.00040580614244683,79964,D-22,D-18+,0.781714893609777,0.0966089256490141,0.0953766943080105
27:49D-23,0.345633082347737,0.000341669678993589,0.000324909300193907,79964,D-23,D-18+,0.781714893609777,0.0966089256490141,0.0953766943080105
25:47D-23,0.345514139968093,0.000324447622843793,0.0003128061007353,79964,D-23,D-18+,0.781714893609777,0.0966089256490141,0.0953766943080105
16:42D-27,0.345209982621318,0.000165495031473817,0.000166309304898475,79964,D-27,D-18+,0.781714893609777,0.0966089256490141,0.0953766943080105
33:54D-22,0.340709370975822,0.000219929826335713,0.000226819398504566,79964,D-22,D-18+,0.781714893609777,0.0966089256490141,0.0953766943080105
22:44D-23,0.339162837524128,0.000246062444294183,0.000244646990320428,79964,D-23,D-18+,0.781714893609777,0.0966089256490141,0.0953766943080105
21:47D-27,0.334200458850159,0.000166677280724752,0.000171960164668627,79964,D-27,D-18+,0.781714893609777,0.0966089256490141,0.0953766943080105
37:54D-18,0.332990321330426,0.000650767754566301,0.000646229545880275,79964,D-18,D-18+,0.781714893609777,0.0966089256490141,0.0953766943080105
29:50D-22,0.329552490535474,0.00037719359842655,0.00038294813022257,79964,D-22,D-18+,0.781714893609777,0.0966089256490141,0.0953766943080105
36:55D-20,0.328393717225636,0.000378674170306076,0.000369905725596121,79964,D-20,D-18+,0.781714893609777,0.0966089256490141,0.0953766943080105
12:36D-25,0.327458316610528,9.20983498285821e-05,8.77988766037135e-05,79964,D-25,D-18+,0.781714893609777,0.0966089256490141,0.0953766943080105
14:39D-26,0.327376027015672,9.47517940639044e-05,9.39190393119642e-05,79964,D-26,D-18+,0.781714893609777,0.0966089256490141,0.0953766943080105
22:43D-22,0.326761339780761,0.000226351692426322,0.000213520986472401,79964,D-22,D-18+,0.781714893609777,0.0966089256490141,0.0953766943080105
16:41D-26,0.324997479362256,0.000147214247585095,0.000139678931761121,79964,D-26,D-18+,0.781714893609777,0.0966089256490141,0.0953766943080105
19:44D-26,0.324951851554717,0.000183148874408415,0.000178291079532341,79964,D-26,D-18+,0.781714893609777,0.0966089256490141,0.0953766943080105
24:46D-23,0.324088605708521,0.000285496806350723,0.000281673270657416,79964,D-23,D-18+,0.781714893609777,0.0966089256490141,0.0953766943080105
31:54D-24,0.322269451005373,0.000291669628121529,0.000291896314503068,79964,D-24,D-18+,0.781714893609777,0.0966089256490141,0.0953766943080105
32:58D-27,0.318160770624294,7.87433221415656e-05,8.2407380662638e-05,79964,D-27,D-18+,0.781714893609777,0.0966089256490141,0.0953766943080105
30:52D-23,0.316737316453052,0.00031874856006461,0.000312613346362375,79964,D-23,D-18+,0.781714893609777,0.0966089256490141,0.0953766943080105
29:51D-23,0.316437022198042,0.000332650117746206,0.000327811564921241,79964,D-23,D-18+,0.781714893609777,0.0966089256490141,0.0953766943080105
31:52D-22,0.314707586141737,0.000277724084444858,0.00027571689476932,79964,D-22,D-18+,0.781714893609777,0.0966089256490141,0.0953766943080105
23:49D-27,0.31177329634684,0.000166633540633475,0.000152119331683904,79964,D-27,D-18+,0.781714893609777,0.0966089256490141,0.0953766943080105
11:35D-25,0.311629596843017,3.3528689976291e-05,3.28456058699797e-05,79964,D-25,D-18+,0.781714893609777,0.0966089256490141,0.0953766943080105
28:52D-25,0.310508441829099,0.000306270713811173,0.000285883100506541,79964,D-25,D-18+,0.781714893609777,0.0966089256490141,0.0953766943080105
26:51D-26,0.30649406865123,0.000234416341383394,0.000226758011523642,79964,D-26,D-18+,0.781714893609777,0.0966089256490141,0.0953766943080105
17:42D-26,0.304001728209347,0.000152311006239377,0.000160216507867258,79964,D-26,D-18+,0.781714893609777,0.0966089256490141,0.0953766943080105
24:50D-27,0.302464031747726,0.000174634532720455,0.000177476473152324,79964,D-27,D-18+,0.781714893609777,0.0966089256490141,0.0953766943080105
36:56D-21,0.301182105634839,0.000261854622952435,0.000278284180708586,79964,D-21,D-18+,0.781714893609777,0.0966089256490141,0.0953766943080105
23:47D-25,0.300506028545708,0.000212224334458656,0.000207788303898936,79964,D-25,D-18+,0.781714893609777,0.0966089256490141,0.0953766943080105
28:53D-26,0.298498208927815,0.000318490616993792,0.000326379567642528,79964,D-26,D-18+,0.781714893609777,0.0966089256490141,0.0953766943080105
20:42D-23,0.293167119243196,0.00017743702593648,0.000182237115420687,79964,D-23,D-18+,0.781714893609777,0.0966089256490141,0.0953766943080105
9:37D-29,0.291235736946932,0.000125489825390678,0.000127794700197887,79964,D-29,D-18+,0.781714893609777,0.0966089256490141,0.0953766943080105
15:39D-25,0.291221864818196,0.000132211280512234,0.000134967893871236,79964,D-25,D-18+,0.781714893609777,0.0966089256490141,0.0953766943080105
26:50D-25,0.289463558554901,0.000243978725863737,0.000241923529023993,79964,D-25,D-18+,0.781714893609777,0.0966089256490141,0.0953766943080105
34:56D-23,0.288772757666863,0.000137485365665885,0.000128835958144068,79964,D-23,D-18+,0.781714893609777,0.0966089256490141,0.0953766943080105
30:51D-22,0.286514665202204,0.000338715570596654,0.000320937898675627,79964,D-22,D-18+,0.781714893609777,0.0966089256490141,0.0953766943080105
12:39D-28,0.285795666958185,6.30406587663558e-05,5.73154140079564e-05,79964,D-28,D-18+,0.781714893609777,0.0966089256490141,0.0953766943080105
35:56D-22,0.28564656707518,0.000180845357753127,0.000177519123939121,79964,D-22,D-18+,0.781714893609777,0.0966089256490141,0.0953766943080105
21:45D-25,0.285519416054148,0.000194891765514809,0.000186902624436555,79964,D-25,D-18+,0.781714893609777,0.0966089256490141,0.0953766943080105
28:54D-27,0.284725706029136,0.000328670356261782,0.000330582897124379,79964,D-27,D-18+,0.781714893609777,0.0966089256490141,0.0953766943080105
18:45D-28,0.283429711821852,0.00016289435958521,0.000162600254760152,79964,D-28,D-18+,0.781714893609777,0.0966089256490141,0.0953766943080105
13:40D-28,0.282073274522745,6.01118804646685e-05,6.13749941974192e-05,79964,D-28,D-18+,0.781714893609777,0.0966089256490141,0.0953766943080105
29:53D-25,0.281799955750845,0.00031455179266425,0.000304597553451752,79964,D-25,D-18+,0.781714893609777,0.0966089256490141,0.0953766943080105
25:51D-27,0.277284292515621,0.000206224055567345,0.000190967574456396,79964,D-27,D-18+,0.781714893609777,0.0966089256490141,0.0953766943080105
31:53D-23,0.275888486167655,0.000260827708055505,0.000256686847947917,79964,D-23,D-18+,0.781714893609777,0.0966089256490141,0.0953766943080105
34:55D-22,0.274750458002013,0.000187593925796899,0.000197056691457454,79964,D-22,D-18+,0.781714893609777,0.0966089256490141,0.0953766943080105
37:55D-19,0.273710820518609,0.000464664514797874,0.000454044451636601,79964,D-19,D-18+,0.781714893609777,0.0966089256490141,0.0953766943080105
15:40D-26,0.271965148074816,9.15137424000517e-05,9.73720280998295e-05,79964,D-26,D-18+,0.781714893609777,0.0966089256490141,0.0953766943080105
24:49D-26,0.271180197530541,0.000174544697496015,0.000167623110343068,79964,D-26,D-18+,0.781714893609777,0.0966089256490141,0.0953766943080105
24:48D-25,0.268765008402992,0.000212270076686834,0.000207365120539664,79964,D-25,D-18+,0.781714893609777,0.0966089256490141,0.0953766943080105
7:35D-29,0.266968153227581,2.61834779056305e-05,2.4375681606383e-05,79964,D-29,D-18+,0.781714893609777,0.0966089256490141,0.0953766943080105
27:52D-26,0.265809858110195,0.000269009290789878,0.000263312198025479,79964,D-26,D-18+,0.781714893609777,0.0966089256490141,0.0953766943080105
20:44D-25,0.264036618970527,0.00019952483392684,0.000194473431453825,79964,D-25,D-18+,0.781714893609777,0.0966089256490141,0.0953766943080105
33:55D-23,0.263757078483531,0.000173514102959183,0.000176052219098903,79964,D-23,D-18+,0.781714893609777,0.0966089256490141,0.0953766943080105
22:46D-25,0.261337573163982,0.000197459676760868,0.000192091245818856,79964,D-25,D-18+,0.781714893609777,0.0966089256490141,0.0953766943080105
27:54D-28,0.260055128960731,0.000285866955991373,0.000282337196882559,79964,D-28,D-18+,0.781714893609777,0.0966089256490141,0.0953766943080105
30:54D-25,0.259654894468638,0.000305166862258834,0.000307024840365438,79964,D-25,D-18+,0.781714893609777,0.0966089256490141,0.0953766943080105
20:45D-26,0.25640508544113,0.000173214329689894,0.000172627379342784,79964,D-26,D-18+,0.781714893609777,0.0966089256490141,0.0953766943080105
8:34D-27,0.255198630086049,1.13121460097757e-05,1.03676846113248e-05,79964,D-27,D-18+,0.781714893609777,0.0966089256490141,0.0953766943080105
22:47D-26,0.252133830066101,0.000177592066043046,0.000173589852823529,79964,D-26,D-18+,0.781714893609777,0.0966089256490141,0.0953766943080105
35:57D-23,0.25176930426829,0.000134275163819618,0.000132593703459795,79964,D-23,D-18+,0.781714893609777,0.0966089256490141,0.0953766943080105
14:35D-22,0.251558457381589,7.88551933752696e-05,7.42593648349373e-05,79964,D-22,D-18+,0.781714893609777,0.0966089256490141,0.0953766943080105
15:42D-28,0.251547085154166,0.000151656078625605,0.000157298694836434,79964,D-28,D-18+,0.781714893609777,0.0966089256490141,0.0953766943080105
17:44D-28,0.250846544942984,0.000155795343409651,0.000157819701664387,79964,D-28,D-18+,0.781714893609777,0.0966089256490141,0.0953766943080105
29:54D-26,0.248683392598661,0.000323976049892533,0.00032318305060054,79964,D-26,D-18+,0.781714893609777,0.0966089256490141,0.0953766943080105
24:52D-29,0.247440688807541,0.000142452929102905,0.00014048481054975,79964,D-29,D-18+,0.781714893609777,0.0966089256490141,0.0953766943080105
36:57D-22,0.247430163906223,0.00017898955098276,0.00017849400174749,79964,D-22,D-18+,0.781714893609777,0.0966089256490141,0.0953766943080105
20:46D-27,0.246890384394261,0.000173031880099949,0.000172077381446159,79964,D-27,D-18+,0.781714893609777,0.0966089256490141,0.0953766943080105
17:43D-27,0.246858992269109,0.000167698288287091,0.000168745481990134,79964,D-27,D-18+,0.781714893609777,0.0966089256490141,0.0953766943080105
19:43D-25,0.246607720174923,0.000169611939278454,0.000172529330463611,79964,D-25,D-18+,0.781714893609777,0.0966089256490141,0.0953766943080105
25:53D-29,0.242034427447749,0.000188998814773637,0.00018922198612125,79964,D-29,D-18+,0.781714893609777,0.0966089256490141,0.0953766943080105
25:49D-25,0.241852519146624,0.000218178360511193,0.000211029428846947,79964,D-25,D-18+,0.781714893609777,0.0966089256490141,0.0953766943080105
36:62D-27,0.241143386210485,8.26096444330376e-05,8.63974128271441e-05,79964,D-27,D-18+,0.781714893609777,0.0966089256490141,0.0953766943080105
32:54D-23,0.240838147548911,0.000214425265558567,0.000219933789925925,79964,D-23,D-18+,0.781714893609777,0.0966089256490141,0.0953766943080105
26:53D-28,0.239326036727863,0.000249480776720147,0.000233559563791503,79964,D-28,D-18+,0.781714893609777,0.0966089256490141,0.0953766943080105
26:54D-29,0.237393180313829,0.000224762275381948,0.000220954976148679,79964,D-29,D-18+,0.781714893609777,0.0966089256490141,0.0953766943080105
18:42D-25,0.236863006879878,0.000190665093222318,0.000193491382530863,79964,D-25,D-18+,0.781714893609777,0.0966089256490141,0.0953766943080105
15:43D-29,0.236513190949788,0.000126983799960271,0.000133798461883016,79964,D-29,D-18+,0.781714893609777,0.0966089256490141,0.0953766943080105
36:59D-24,0.235388099937447,0.000124300556096816,0.000119941784896778,79964,D-24,D-18+,0.781714893609777,0.0966089256490141,0.0953766943080105
21:46D-26,0.234294412091894,0.000162867680109783,0.000160512758083559,79964,D-26,D-18+,0.781714893609777,0.0966089256490141,0.0953766943080105
25:50D-26,0.232658449359231,0.000195842784882189,0.00018255212293146,79964,D-26,D-18+,0.781714893609777,0.0966089256490141,0.0953766943080105
33:59D-27,0.228298323283655,7.63685195052505e-05,7.44389425707159e-05,79964,D-27,D-18+,0.781714893609777,0.0966089256490141,0.0953766943080105
25:52D-28,0.226827115731806,0.000182183053285023,0.000179403326681721,79964,D-28,D-18+,0.781714893609777,0.0966089256490141,0.0953766943080105
35:61D-27,0.226501510763311,7.62396280973871e-05,8.06623375889223e-05,79964,D-27,D-18+,0.781714893609777,0.0966089256490141,0.0953766943080105
16:44D-29,0.226124011567826,0.000144186988842425,0.000149516109180746,79964,D-29,D-18+,0.781714893609777,0.0966089256490141,0.0953766943080105
24:51D-28,0.224329843858115,0.000154346395934375,0.000147943527556719,79964,D-28,D-18+,0.781714893609777,0.0966089256490141,0.0953766943080105
29:55D-27,0.223152628456584,0.000289653547800324,0.000280166243002694,79964,D-27,D-18+,0.781714893609777,0.0966089256490141,0.0953766943080105
19:46D-28,0.221698361553606,0.000153912751183011,0.000143976741519523,79964,D-28,D-18+,0.781714893609777,0.0966089256490141,0.0953766943080105
10:34D-25,0.219576264285973,9.13802773775524e-06,9.2236098233932e-06,79964,D-25,D-18+,0.781714893609777,0.0966089256490141,0.0953766943080105
19:45D-27,0.218497675647777,0.000176839721047499,0.000171412143728214,79964,D-27,D-18+,0.781714893609777,0.0966089256490141,0.0953766943080105
34:60D-27,0.218457168860404,6.44730535268575e-05,6.91135266091753e-05,79964,D-27,D-18+,0.781714893609777,0.0966089256490141,0.0953766943080105
30:56D-27,0.218206027261825,0.000194388425427195,0.000204579825783658,79964,D-27,D-18+,0.781714893609777,0.0966089256490141,0.0953766943080105
17:45D-29,0.21605750355949,0.000151449952944945,0.000143854540180259,79964,D-29,D-18+,0.781714893609777,0.0966089256490141,0.0953766943080105
30:55D-26,0.214242524422454,0.000271988557680399,0.000263339235310474,79964,D-26,D-18+,0.781714893609777,0.0966089256490141,0.0953766943080105
14:42D-29,0.213443428380412,0.00011816143055163,0.000110736571274329,79964,D-29,D-18+,0.781714893609777,0.0966089256490141,0.0953766943080105
19:47D-29,0.212646413128115,0.00012981327178976,0.000134064776251529,79964,D-29,D-18+,0.781714893609777,0.0966089256490141,0.0953766943080105
34:58D-25,0.212195417658179,8.05646653205298e-05,7.70663552016839e-05,79964,D-25,D-18+,0.781714893609777,0.0966089256490141,0.0953766943080105
18:43D-26,0.21151404363173,0.000153544010166765,0.000161329496092623,79964,D-26,D-18+,0.781714893609777,0.0966089256490141,0.0953766943080105
36:58D-23,0.211190013970305,0.000145574894571442,0.000138746672802209,79964,D-23,D-18+,0.781714893609777,0.0966089256490141,0.0953766943080105
23:48D-26,0.209566796329286,0.00017367816829464,0.00016204401241103,79964,D-26,D-18+,0.781714893609777,0.0966089256490141,0.0953766943080105
34:59D-26,0.206167368922405,6.93224075846455e-05,6.50146689730483e-05,79964,D-26,D-18+,0.781714893609777,0.0966089256490141,0.0953766943080105
37:56D-20,0.205181497411015,0.000298014144995146,0.000297121634268359,79964,D-20,D-18+,0.781714893609777,0.0966089256490141,0.0953766943080105
16:43D-28,0.202956766892521,0.000151988085916279,0.000144694031684918,79964,D-28,D-18+,0.781714893609777,0.0966089256490141,0.0953766943080105
37:57D-21,0.202066150228573,0.000214107761935152,0.000219704563531097,79964,D-21,D-18+,0.781714893609777,0.0966089256490141,0.0953766943080105
22:48D-27,0.19993337514536,0.000168719452888263,0.000162972087558821,79964,D-27,D-18+,0.781714893609777,0.0966089256490141,0.0953766943080105
31:55D-25,0.198381028352731,0.000238693447200485,0.000233347366276308,79964,D-25,D-18+,0.781714893609777,0.0966089256490141,0.0953766943080105
33:57D-25,0.197680241332799,0.000100543222132272,9.71895447720293e-05,79964,D-25,D-18+,0.781714893609777,0.0966089256490141,0.0953766943080105
22:50D-29,0.192714041646665,0.000117105326296774,0.000117222561869177,79964,D-29,D-18+,0.781714893609777,0.0966089256490141,0.0953766943080105
23:50D-28,0.186615888251723,0.00012913220294363,0.000125849651644396,79964,D-28,D-18+,0.781714893609777,0.0966089256490141,0.0953766943080105
31:57D-27,0.185590108818211,0.000122012082935553,0.000119476669768997,79964,D-27,D-18+,0.781714893609777,0.0966089256490141,0.0953766943080105
33:58D-26,0.17741630659059,7.39639912824847e-05,7.0697874460203e-05,79964,D-26,D-18+,0.781714893609777,0.0966089256490141,0.0953766943080105
28:55D-28,0.174620490900563,0.000239834409249105,0.000241418401763089,79964,D-28,D-18+,0.781714893609777,0.0966089256490141,0.0953766943080105
23:51D-29,0.174168386060563,0.000122059308618797,0.000123937665738822,79964,D-29,D-18+,0.781714893609777,0.0966089256490141,0.0953766943080105
12:34D-23,0.172885143365131,1.71277007556865e-05,1.60466634219144e-05,79964,D-23,D-18+,0.781714893609777,0.0966089256490141,0.0953766943080105
21:49D-29,0.17255072989975,0.000112058002473164,0.000103666767389316,79964,D-29,D-18+,0.781714893609777,0.0966089256490141,0.0953766943080105
18:46D-29,0.172127319984768,0.000145271384312277,0.000140163694432945,79964,D-29,D-18+,0.781714893609777,0.0966089256490141,0.0953766943080105
20:47D-28,0.17045149948394,0.000137143514872173,0.000138857660777279,79964,D-28,D-18+,0.781714893609777,0.0966089256490141,0.0953766943080105
32:56D-25,0.168505761361983,0.000134634223002167,0.000132566276469975,79964,D-25,D-18+,0.781714893609777,0.0966089256490141,0.0953766943080105
21:48D-28,0.167670886880001,0.000131174386001099,0.000124223779222984,79964,D-28,D-18+,0.781714893609777,0.0966089256490141,0.0953766943080105
20:48D-29,0.165207111353385,0.000123486170479739,0.000110192633904141,79964,D-29,D-18+,0.781714893609777,0.0966089256490141,0.0953766943080105
12:40D-29,0.164796908977233,4.23455261729084e-05,4.25873234290219e-05,79964,D-29,D-18+,0.781714893609777,0.0966089256490141,0.0953766943080105
28:56D-29,0.161085989876548,0.00016062086452932,0.000153626458770127,79964,D-29,D-18+,0.781714893609777,0.0966089256490141,0.0953766943080105
35:60D-26,0.15963819165492,6.5886433400335e-05,6.88434528956282e-05,79964,D-26,D-18+,0.781714893609777,0.0966089256490141,0.0953766943080105
22:49D-28,0.15368782485465,0.00012699530837279,0.000116861234484193,79964,D-28,D-18+,0.781714893609777,0.0966089256490141,0.0953766943080105
29:56D-28,0.147189373042628,0.00017692587020189,0.000176560545083899,79964,D-28,D-18+,0.781714893609777,0.0966089256490141,0.0953766943080105
36:60D-25,0.146893860492161,8.38308686572714e-05,8.8256751284421e-05,79964,D-25,D-18+,0.781714893609777,0.0966089256490141,0.0953766943080105
35:59D-25,0.140210908105842,9.6738770874475e-05,9.2200197721834e-05,79964,D-25,D-18+,0.781714893609777,0.0966089256490141,0.0953766943080105
7:34D-28,0.137037289889118,8.11431312714786e-06,9.61021631616133e-06,79964,D-28,D-18+,0.781714893609777,0.0966089256490141,0.0953766943080105
8:36D-29,0.136406736619579,6.2657302990924e-05,5.91431623466065e-05,79964,D-29,D-18+,0.781714893609777,0.0966089256490141,0.0953766943080105
38:55D-18,0.126949580908126,0.000650576002695908,0.000665051921166856,79964,D-18,D-18+,0.781714893609777,0.0966089256490141,0.0953766943080105
37:58D-22,0.125005205766718,0.000167628321512475,0.000166528824299068,79964,D-22,D-18+,0.781714893609777,0.0966089256490141,0.0953766943080105
9:34D-26,0.120020294696865,8.57784092932767e-06,7.86994254891734e-06,79964,D-26,D-18+,0.781714893609777,0.0966089256490141,0.0953766943080105
36:61D-26,0.118159272658266,7.36823223437768e-05,7.71686787070402e-05,79964,D-26,D-18+,0.781714893609777,0.0966089256490141,0.0953766943080105
33:60D-28,0.116736080176216,4.61467094479084e-05,4.74466925050112e-05,79964,D-28,D-18+,0.781714893609777,0.0966089256490141,0.0953766943080105
32:57D-26,0.112402189655031,8.96844172479191e-05,8.99630997842163e-05,79964,D-26,D-18+,0.781714893609777,0.0966089256490141,0.0953766943080105
37:59D-23,0.108593906882582,0.000122114991047679,0.000125613810115595,79964,D-23,D-18+,0.781714893609777,0.0966089256490141,0.0953766943080105
31:56D-26,0.104903704788222,0.000156978358904243,0.000159593097313527,79964,D-26,D-18+,0.781714893609777,0.0966089256490141,0.0953766943080105
32:59D-28,0.104661098909618,5.23820564475893e-05,5.94549724107069e-05,79964,D-28,D-18+,0.781714893609777,0.0966089256490141,0.0953766943080105
30:57D-28,0.103088447395104,0.000118302838669655,0.000122876200640929,79964,D-28,D-18+,0.781714893609777,0.0966089256490141,0.0953766943080105
10:35D-26,0.0966107618150196,2.39436470972653e-05,2.66078683677588e-05,79964,D-26,D-18+,0.781714893609777,0.0966089256490141,0.0953766943080105
35:63D-29,0.0934615788077725,3.40857929244001e-05,3.80164952759605e-05,79964,D-29,D-18+,0.781714893609777,0.0966089256490141,0.0953766943080105
31:58D-28,0.0903335260641951,7.72096681732841e-05,7.67601207690036e-05,79964,D-28,D-18+,0.781714893609777,0.0966089256490141,0.0953766943080105
34:62D-29,0.0873020225874937,3.04618457129018e-05,3.16321507021871e-05,79964,D-29,D-18+,0.781714893609777,0.0966089256490141,0.0953766943080105
37:61D-25,0.086791730189787,8.17491347533253e-05,8.53278245461904e-05,79964,D-25,D-18+,0.781714893609777,0.0966089256490141,0.0953766943080105
34:61D-28,0.0804468677652481,4.0955010421401e-05,4.42092106747216e-05,79964,D-28,D-18+,0.781714893609777,0.0966089256490141,0.0953766943080105
33:61D-29,0.0772735812658599,3.90180023249413e-05,3.73899877608331e-05,79964,D-29,D-18+,0.781714893609777,0.0966089256490141,0.0953766943080105
32:60D-29,0.0765472387231649,4.19080335305571e-05,4.32735993587692e-05,79964,D-29,D-18+,0.781714893609777,0.0966089256490141,0.0953766943080105
38:56D-19,0.0727452757189792,0.000439941895338686,0.000453161664604264,79964,D-19,D-18+,0.781714893609777,0.0966089256490141,0.0953766943080105
30:58D-29,0.0719644319731249,8.20270067668118e-05,8.61778350016627e-05,79964,D-29,D-18+,0.781714893609777,0.0966089256490141,0.0953766943080105
35:62D-28,0.0697309454486405,3.93243237774303e-05,4.15603073961226e-05,79964,D-28,D-18+,0.781714893609777,0.0966089256490141,0.0953766943080105
37:60D-24,0.0590088765078688,9.3270789165268e-05,0.000101654871425872,79964,D-24,D-18+,0.781714893609777,0.0966089256490141,0.0953766943080105
37:63D-27,0.0549050288621293,8.09027069633608e-05,8.19518405514946e-05,79964,D-27,D-18+,0.781714893609777,0.0966089256490141,0.0953766943080105
31:59D-29,0.0530550099616868,5.954480988522e-05,6.05017782641055e-05,79964,D-29,D-18+,0.781714893609777,0.0966089256490141,0.0953766943080105
38:57D-20,0.0495356146886184,0.000281223769158514,0.000285962865028463,79964,D-20,D-18+,0.781714893609777,0.0966089256490141,0.0953766943080105
36:63D-28,0.0469042151034686,4.16581544047109e-05,4.00140385202425e-05,79964,D-28,D-18+,0.781714893609777,0.0966089256490141,0.0953766943080105
38:58D-21,0.0421426781452473,0.000221565753898349,0.00024245972700715,79964,D-21,D-18+,0.781714893609777,0.0966089256490141,0.0953766943080105
37:62D-26,0.0359908686259154,7.10699508853088e-05,7.47040689120373e-05,79964,D-26,D-18+,0.781714893609777,0.0966089256490141,0.0953766943080105
38:59D-22,0.0359417033139472,0.000235719107049236,0.000232227380840192,79964,D-22,D-18+,0.781714893609777,0.0966089256490141,0.0953766943080105
38:60D-23,0.0235999197618618,0.000128709811426446,0.000139882601304245,79964,D-23,D-18+,0.781714893609777,0.0966089256490141,0.0953766943080105
40:62D-23,0.0205798316693257,2.56567990682133e-06,2.36657091101992e-06,79964,D-23,D-18+,0.781714893609777,0.0966089256490141,0.0953766943080105
38:61D-24,0.0202813253577795,9.92038768048442e-05,0.000105400951597949,79964,D-24,D-18+,0.781714893609777,0.0966089256490141,0.0953766943080105
38:63D-26,0.0193653596691899,0.000100527723750734,0.000112483240464361,79964,D-26,D-18+,0.781714893609777,0.0966089256490141,0.0953766943080105
39:61D-23,0.0187203443310391,9.85372583534093e-06,9.50354409949666e-06,79964,D-23,D-18+,0.781714893609777,0.0966089256490141,0.0953766943080105
39:57D-19,0.0157719086137127,2.76642959328485e-05,2.72469304722386e-05,79964,D-19,D-18+,0.781714893609777,0.0966089256490141,0.0953766943080105
38:62D-25,0.00933864541129305,8.09329465624212e-05,9.36511371997453e-05,79964,D-25,D-18+,0.781714893609777,0.0966089256490141,0.0953766943080105
39:56D-18,0.00914779083291263,4.33088547569451e-05,4.38057002354227e-05,79964,D-18,D-18+,0.781714893609777,0.0966089256490141,0.0953766943080105
39:59D-21,0.0088379432672725,1.85064683986576e-05,1.71077383015403e-05,79964,D-21,D-18+,0.781714893609777,0.0966089256490141,0.0953766943080105
40:58D-19,0.00688166977936383,4.27098556519614e-06,4.59196676970117e-06,79964,D-19,D-18+,0.781714893609777,0.0966089256490141,0.0953766943080105
39:60D-22,0.00520897375012,1.08877349188222e-05,1.12207350078774e-05,79964,D-22,D-18+,0.781714893609777,0.0966089256490141,0.0953766943080105
40:57D-18,0.00409481634588108,6.16907899857674e-06,5.06973022851714e-06,79964,D-18,D-18+,0.781714893609777,0.0966089256490141,0.0953766943080105
39:58D-20,0.00391555216680493,2.01946357959532e-05,2.03126258454873e-05,79964,D-20,D-18+,0.781714893609777,0.0966089256490141,0.0953766943080105
40:59D-20,0.00204610151133616,3.17415893126476e-06,2.62257405665397e-06,79964,D-20,D-18+,0.781714893609777,0.0966089256490141,0.0953766943080105
40:63D-24,-0.000231953485755346,1.65472709211073e-06,1.52458532980482e-06,79964,D-24,D-18+,0.781714893609777,0.0966089256490141,0.0953766943080105
40:61D-22,-0.000368725285237036,1.6629266358172e-06,1.67440908329558e-06,79964,D-22,D-18+,0.781714893609777,0.0966089256490141,0.0953766943080105
40:60D-21,-0.000434370003415746,2.64529058149265e-06,2.66936176898954e-06,79964,D-21,D-18+,0.781714893609777,0.0966089256490141,0.0953766943080105
39:63D-25,-0.000992905006238601,5.57434976599688e-06,6.75690040526983e-06,79964,D-25,D-18+,0.781714893609777,0.0966089256490141,0.0953766943080105
39:62D-24,-0.0011776944512129,7.57643344085542e-06,8.67985088232171e-06,79964,D-24,D-18+,0.781714893609777,0.0966089256490141,0.0953766943080105
40:64D-25,,0.0,0.0,79964,D-25,D-18+,0.781714893609777,0.0966089256490141,0.0953766943080105
39:64D-26,,0.0,0.0,79964,D-26,D-18+,0.781714893609777,0.0966089256490141,0.0953766943080105
40:65D-26,,0.0,0.0,79964,D-26,D-18+,0.781714893609777,0.0966089256490141,0.0953766943080105
38:64D-27,,0.0,0.0,79964,D-27,D-18+,0.781714893609777,0.0966089256490141,0.0953766943080105
39:65D-27,,0.0,0.0,79964,D-27,D-18+,0.781714893609777,0.0966089256490141,0.0953766943080105
40:66D-27,,0.0,0.0,79964,D-27,D-18+,0.781714893609777,0.0966089256490141,0.0953766943080105
37:64D-28,,0.0,0.0,79964,D-28,D-18+,0.781714893609777,0.0966089256490141,0.0953766943080105
38:65D-28,,0.0,0.0,79964,D-28,D-18+,0.781714893609777,0.0966089256490141,0.0953766943080105
39:66D-28,,0.0,0.0,79964,D-28,D-18+,0.781714893609777,0.0966089256490141,0.0953766943080105
40:67D-28,,0.0,0.0,79964,D-28,D-18+,0.781714893609777,0.0966089256490141,0.0953766943080105
36:64D-29,,0.0,0.0,79964,D-29,D-18+,0.781714893609777,0.0966089256490141,0.0953766943080105
37:65D-29,,0.0,0.0,79964,D-29,D-18+,0.781714893609777,0.0966089256490141,0.0953766943080105
38:66D-29,,0.0,0.0,79964,D-29,D-18+,0.781714893609777,0.0966089256490141,0.0953766943080105
39:67D-29,,0.0,0.0,79964,D-29,D-18+,0.781714893609777,0.0966089256490141,0.0953766943080105
40:68D-29,,0.0,0.0,79964,D-29,D-18+,0.781714893609777,0.0966089256490141,0.0953766943080105
