category,pearson,data1_ratio,data2_ratio,Data Count,category1,new category,Apearson,Adata1_ratio,Adata2_ratio,NC1
I-1_T,0.9189206513454188,0.07672169579303151,0.09917279735202274,65050,I-1,I-1_T,0.9189206513454188,0.07672169579303151,0.09917279735202274,I-1
I-1_A,0.9044835093886364,0.06059505421322819,0.08209194842013706,65050,I-1,I-1_A,0.9044835093886364,0.06059505421322819,0.08209194842013706,I-1
I-1_C,0.8499189102591497,0.06516817512337535,0.07564957182685504,65050,I-1,I-1_C,0.8499189102591497,0.06516817512337535,0.07564957182685504,I-1
I-1_G,0.7172951398867791,0.04690371223540848,0.05030922796549847,65050,I-1,I-1_G,0.7172951398867791,0.04690371223540848,0.05030922796549847,I-1
I-2_AA,0.3676408050386436,0.007996197032178156,0.008771309534257742,65050,I-2,I-2,0.5394209909595596,0.1041423780834567,0.09523179991503554,I-2
I-2_AC,0.1324280796506196,0.006656207125334886,0.005355411900698213,65050,I-2,I-2,0.5394209909595596,0.1041423780834567,0.09523179991503554,I-2
I-2_AG,0.3694668420807782,0.007895227437959448,0.007281598720337131,65050,I-2,I-2,0.5394209909595596,0.1041423780834567,0.09523179991503554,I-2
I-2_AT,0.2138282577811969,0.003641678146580315,0.003415780766113519,65050,I-2,I-2,0.5394209909595596,0.1041423780834567,0.09523179991503554,I-2
I-2_CA,0.1957322183122991,0.003586042450661963,0.00335951768211931,65050,I-2,I-2,0.5394209909595596,0.1041423780834567,0.09523179991503554,I-2
I-2_CC,0.6381148633085819,0.03676428861184083,0.03095674089494596,65050,I-2,I-2_CC,0.6381148633085817,0.03676428861184083,0.03095674089494596,I-2
I-2_CG,0.2153519412200597,0.004391211328428211,0.003776243530959276,65050,I-2,I-2,0.5394209909595596,0.1041423780834567,0.09523179991503554,I-2
I-2_CT,0.3683345024020232,0.01004302554521659,0.009228217442486692,65050,I-2,I-2,0.5394209909595596,0.1041423780834567,0.09523179991503554,I-2
I-2_GA,0.3969227882758869,0.01173486137014618,0.01086286417503583,65050,I-2,I-2,0.5394209909595596,0.1041423780834567,0.09523179991503554,I-2
I-2_GC,0.2023460048934081,0.0118685903531643,0.008618454615359872,65050,I-2,I-2,0.5394209909595596,0.1041423780834567,0.09523179991503554,I-2
I-2_GG,0.6764117635890439,0.03125423464854725,0.02695705192431727,65050,I-2,I-2_GG,0.676411763589045,0.03125423464854724,0.02695705192431727,I-2
I-2_GT,0.1397050913452834,0.00719084443705709,0.005834977477917079,65050,I-2,I-2,0.5394209909595596,0.1041423780834567,0.09523179991503554,I-2
I-2_TA,0.1528880898932757,0.003149517958038069,0.003411454702930041,65050,I-2,I-2,0.5394209909595596,0.1041423780834567,0.09523179991503554,I-2
I-2_TC,0.3977060392423786,0.01352286264372224,0.01226110803061181,65050,I-2,I-2,0.5394209909595596,0.1041423780834567,0.09523179991503554,I-2
I-2_TG,0.236232900784392,0.003257924276669037,0.003099227988613807,65050,I-2,I-2,0.5394209909595596,0.1041423780834567,0.09523179991503554,I-2
I-2_TT,0.3516647657075626,0.009208187978300123,0.00995563334759515,65050,I-2,I-2,0.5394209909595596,0.1041423780834567,0.09523179991503554,I-2
I-3,0.5516364493394871,0.1012005171692142,0.07580385847488688,65050,I-3,I-3,0.5516364493394876,0.1012005171692142,0.07580385847488687,I-3
I-4,0.4150832582071741,0.06940008729230437,0.04732325998234198,65050,I-4,I-4,0.4150832582071744,0.06940008729230437,0.04732325998234198,I-4
I-5,0.3087529478313953,0.04271243530938103,0.02825249670639941,65050,I-5,I-5,0.3087529478313953,0.04271243530938103,0.02825249670639941,I-5
I-6,0.2165720271480253,0.03006052693946442,0.01937353437528437,65050,I-6,I-6+,0.2446600077030516,0.08278773246209066,0.06139655851644792,I-6+
I-7,0.1222701798488675,0.01789350818180559,0.01187715564805619,65050,I-7,I-6+,0.2446600077030516,0.08278773246209066,0.06139655851644792,I-6+
I-8,0.06913904852478088,0.01003562216070523,0.006985677904994697,65050,I-8,I-6+,0.2446600077030516,0.08278773246209066,0.06139655851644792,I-6+
I-9+,0.1931683991257803,0.02479807518011438,0.02316019058811249,65050,I-9+,I-6+,0.2446600077030516,0.08278773246209066,0.06139655851644792,I-6+
34:34D-1,0.7541204122978779,0.001058881489355297,0.001116575603686088,65050,D-1,34:34D-1,0.7541204122978779,0.001058881489355297,0.001116575603686088,D-1
35:35D-1,0.8448968714630235,0.003185446371059589,0.003732299529654259,65050,D-1,35:35D-1,0.8448968714630235,0.003185446371059589,0.003732299529654259,D-1
36:36D-1,0.943239233174048,0.01410633626388383,0.01723633665532465,65050,D-1,36:36D-1,0.943239233174048,0.01410633626388383,0.01723633665532465,D-1
37:37D-1,0.7589159156830791,0.01235402109267872,0.0168872682158763,65050,D-1,37:37D-1,0.7589159156830791,0.01235402109267872,0.0168872682158763,D-1
38:38D-1,0.5975458126655545,0.006556793135616064,0.008740344851501505,65050,D-1,38:38D-1,0.5654425966848738,0.007709598611862462,0.00997336937437987,D-1
39:39D-1,0.1138178243617806,0.0008106248546373853,0.0008902167163713744,65050,D-1,38:38D-1,0.5654425966848738,0.007709598611862462,0.00997336937437987,D-1
40:40D-1,0.07931345379682675,0.0003421806216090027,0.0003428078065070806,65050,D-1,38:38D-1,0.5654425966848738,0.007709598611862462,0.00997336937437987,D-1
33:34D-2,0.5385861427961812,0.0006185741238172443,0.0006446658815433648,65050,D-2,33:34D-2,0.5385861427961812,0.0006185741238172443,0.0006446658815433648,D-2
34:35D-2,0.5954057757243295,0.001661040643973213,0.001909726566004373,65050,D-2,34:35D-2,0.5954057757243295,0.001661040643973213,0.001909726566004373,D-2
35:36D-2,0.7917965385979888,0.004026175518869815,0.005073298799839826,65050,D-2,35:36D-2,0.7917965385979888,0.004026175518869815,0.005073298799839826,D-2
36:37D-2,0.8093830488463076,0.00871196838841382,0.01170749690202133,65050,D-2,36:37D-2,0.8093830488463076,0.00871196838841382,0.01170749690202133,D-2
37:38D-2,0.5850168152582523,0.003311646449173434,0.004163019256108355,65050,D-2,37:38D-2,0.4536901065314328,0.008897479430860195,0.01211615821359805,D-2
38:39D-2,0.4883676546263135,0.004702049154955435,0.007111914038058711,65050,D-2,37:38D-2,0.4536901065314328,0.008897479430860195,0.01211615821359805,D-2
39:40D-2,0.08408494398904716,0.0005426320942247743,0.0005357394226083394,65050,D-2,37:38D-2,0.4536901065314328,0.008897479430860195,0.01211615821359805,D-2
40:41D-2,0.0532059153769072,0.0003411517325066006,0.0003054854968227449,65050,D-2,37:38D-2,0.4536901065314328,0.008897479430860195,0.01211615821359805,D-2
32:34D-3,0.6539577744384856,0.0006078181625742986,0.0006264343459254202,65050,D-3,32:34D-3,0.6539577744384856,0.0006078181625742986,0.0006264343459254202,D-3
33:35D-3,0.744681542705487,0.001544508991343061,0.001657102602582501,65050,D-3,33:35D-3,0.744681542705487,0.001544508991343061,0.001657102602582501,D-3
34:36D-3,0.7892812798583038,0.003123254011421716,0.003633502344208799,65050,D-3,34:36D-3,0.7892812798583038,0.003123254011421716,0.003633502344208799,D-3
35:37D-3,0.8310053162990492,0.007074277272283564,0.008086415674263197,65050,D-3,35:37D-3,0.8310053162990492,0.007074277272283564,0.008086415674263197,D-3
36:38D-3,0.7772752109305779,0.003674602437464347,0.003969158801802461,65050,D-3,36:38D-3,0.7772752109305779,0.003674602437464347,0.003969158801802461,D-3
37:39D-3,0.5479473156701654,0.00302133652372968,0.003398429835453583,65050,D-3,37:39D-3,0.3852897690398445,0.007105154337167169,0.007894623787709186,D-3
38:40D-3,0.3406996364101036,0.003249622755759935,0.003677306478661245,65050,D-3,37:39D-3,0.3852897690398445,0.007105154337167169,0.007894623787709186,D-3
39:41D-3,0.09151394654513456,0.0006239292894100829,0.0006178897782840387,65050,D-3,37:39D-3,0.3852897690398445,0.007105154337167169,0.007894623787709186,D-3
40:42D-3,0.03724808618112956,0.0002102657682674742,0.0002009976953104714,65050,D-3,37:39D-3,0.3852897690398445,0.007105154337167169,0.007894623787709186,D-3
31:34D-4,0.5735410980498917,0.0004345519412059016,0.0004297107560840585,65050,D-4,31:34D-4,0.5735410980498917,0.0004345519412059016,0.0004297107560840585,D-4
32:35D-4,0.6740252453778668,0.001015177646172494,0.001118692630639084,65050,D-4,32:35D-4,0.6740252453778668,0.001015177646172494,0.001118692630639084,D-4
33:36D-4,0.7400375981429559,0.002279840357952092,0.002677635672062691,65050,D-4,33:36D-4,0.7400375981429559,0.002279840357952092,0.002677635672062691,D-4
34:37D-4,0.8101939592444467,0.005268388322561767,0.005992427567217843,65050,D-4,34:37D-4,0.8101939592444467,0.005268388322561767,0.005992427567217843,D-4
35:38D-4,0.8038721865878131,0.002540737604737994,0.002586082649731473,65050,D-4,35:38D-4,0.8038721865878131,0.002540737604737994,0.002586082649731473,D-4
36:39D-4,0.7067118629905672,0.002466079575640927,0.002529464874995698,65050,D-4,36:39D-4,0.7067118629905672,0.002466079575640927,0.002529464874995698,D-4
37:40D-4,0.4567242191182936,0.002334482766141426,0.002332783510377312,65050,D-4,37:40D-4,0.3135705023875777,0.006823312341177891,0.007148646677351771,D-4
38:41D-4,0.344933526646016,0.003875049267574025,0.004215248675316999,65050,D-4,37:40D-4,0.3135705023875777,0.006823312341177891,0.007148646677351771,D-4
39:42D-4,0.05158450254058311,0.0004369696521953089,0.0004384959004849062,65050,D-4,37:40D-4,0.3135705023875777,0.006823312341177891,0.007148646677351771,D-4
40:43D-4,0.03139651302550688,0.0001768106552672026,0.0001621185911726207,65050,D-4,37:40D-4,0.3135705023875777,0.006823312341177891,0.007148646677351771,D-4
30:34D-5,0.6282785118793643,0.0003609670229834728,0.0003708603185886962,65050,D-5,30:34D-5,0.6282785118793643,0.0003609670229834728,0.0003708603185886962,D-5
31:35D-5,0.7145922411068246,0.0008981724538354408,0.0009659211518390076,65050,D-5,31:35D-5,0.7145922411068246,0.0008981724538354408,0.0009659211518390076,D-5
32:36D-5,0.7690987768133624,0.00198506908139602,0.002272190903634728,65050,D-5,32:36D-5,0.7690987768133624,0.00198506908139602,0.002272190903634728,D-5
33:37D-5,0.8233817881174239,0.004555125661103218,0.005127869611527727,65050,D-5,33:37D-5,0.8233817881174239,0.004555125661103218,0.005127869611527727,D-5
34:38D-5,0.8207871691415021,0.002087150750535412,0.002086006028214893,65050,D-5,34:38D-5,0.8207871691415021,0.002087150750535412,0.002086006028214893,D-5
35:39D-5,0.8285064129036889,0.002561149490410818,0.002655634844409616,65050,D-5,35:39D-5,0.8285064129036889,0.002561149490410818,0.002655634844409616,D-5
36:40D-5,0.7457300576105469,0.002709598243134979,0.002861893843947215,65050,D-5,36:40D-5,0.7457300576105469,0.002709598243134979,0.002861893843947215,D-5
37:41D-5,0.4548333997778342,0.002418802144498948,0.002607883140038153,65050,D-5,37:41D-5,0.2932926492318668,0.005139480508639195,0.005916184370765546,D-5
38:42D-5,0.2569431587411637,0.002210538444534771,0.002774714813392116,65050,D-5,37:41D-5,0.2932926492318668,0.005139480508639195,0.005916184370765546,D-5
39:43D-5,0.04043320370619008,0.0003581688968752214,0.0003965956155475252,65050,D-5,37:41D-5,0.2932926492318668,0.005139480508639195,0.005916184370765546,D-5
40:44D-5,0.01439908728079242,0.0001519710227303212,0.0001369908017878073,65050,D-5,37:41D-5,0.2932926492318668,0.005139480508639195,0.005916184370765546,D-5
29:34D-6,0.6726465428294991,0.0003509545797813064,0.000360294015715947,65050,D-6,29:34D-6,0.6726465428294991,0.0003509545797813064,0.000360294015715947,D-6
30:35D-6,0.7103859732373783,0.0008182927472625451,0.0008913299663658099,65050,D-6,30:35D-6,0.7103859732373783,0.0008182927472625451,0.0008913299663658099,D-6
31:36D-6,0.7785611737160908,0.001770085286829866,0.002111533286780106,65050,D-6,31:36D-6,0.7785611737160908,0.001770085286829866,0.002111533286780106,D-6
32:37D-6,0.8335991791781556,0.004128720720304669,0.004780689337448902,65050,D-6,32:37D-6,0.8335991791781556,0.004128720720304669,0.004780689337448902,D-6
33:38D-6,0.8256794324476474,0.001952918092044448,0.002046879216516192,65050,D-6,33:38D-6,0.8256794324476474,0.001952918092044448,0.002046879216516192,D-6
34:39D-6,0.8236962172648409,0.002003532065834233,0.002090535967003938,65050,D-6,34:39D-6,0.8236962172648409,0.002003532065834233,0.002090535967003938,D-6
35:40D-6,0.8003579588255496,0.002286818912888336,0.002409001051656995,65050,D-6,35:40D-6,0.8003579588255496,0.002286818912888336,0.002409001051656995,D-6
36:41D-6,0.7614206895380877,0.002294443768017707,0.002473583283562599,65050,D-6,36:41D-6,0.7614206895380877,0.002294443768017707,0.002473583283562599,D-6
37:42D-6,0.3943031915264457,0.001676361901072897,0.002077336680925432,65050,D-6,37:42D-6,0.2477267911958049,0.003656272279249569,0.004537171188326364,D-6
38:43D-6,0.1950687774772397,0.001564046203735236,0.002054142766252002,65050,D-6,37:42D-6,0.2477267911958049,0.003656272279249569,0.004537171188326364,D-6
39:44D-6,0.04582004179919152,0.0003028104917451629,0.0002985947555090474,65050,D-6,37:42D-6,0.2477267911958049,0.003656272279249569,0.004537171188326364,D-6
40:45D-6,0.01833924346358059,0.0001130536826962504,0.0001070969856399632,65050,D-6,37:42D-6,0.2477267911958049,0.003656272279249569,0.004537171188326364,D-6
28:34D-7,0.6232246212782129,0.0002511249561719801,0.0002585659975091888,65050,D-7,28:34D-7,0.6232246212782129,0.0002511249561719801,0.0002585659975091888,D-7
29:35D-7,0.6366860224202371,0.0005956841286651176,0.0006342209242017766,65050,D-7,29:35D-7,0.6366860224202371,0.0005956841286651176,0.0006342209242017766,D-7
30:36D-7,0.7334238649675865,0.001404894964056832,0.00163473299674108,65050,D-7,30:36D-7,0.7334238649675865,0.001404894964056832,0.00163473299674108,D-7
31:37D-7,0.8062833734612472,0.003039870200105177,0.00355551444299497,65050,D-7,31:37D-7,0.8062833734612472,0.003039870200105177,0.00355551444299497,D-7
32:38D-7,0.7705084582322411,0.00131372769641729,0.001323123273399104,65050,D-7,32:38D-7,0.7705084582322411,0.00131372769641729,0.001323123273399104,D-7
33:39D-7,0.7658142841328915,0.001312109203544797,0.001335771304773353,65050,D-7,33:39D-7,0.7658142841328915,0.001312109203544797,0.001335771304773353,D-7
34:40D-7,0.7536574359260679,0.001301311639656027,0.001280430652646264,65050,D-7,34:40D-7,0.7536574359260679,0.001301311639656027,0.001280430652646264,D-7
35:41D-7,0.7496493552715323,0.001376076397149381,0.00136035296219319,65050,D-7,35:41D-7,0.7496493552715323,0.001376076397149381,0.00136035296219319,D-7
36:42D-7,0.5764044936084649,0.001332659419573739,0.001448073500694621,65050,D-7,36:42D-7,0.3417599465695839,0.004089154048421098,0.004984691555792774,D-7
37:43D-7,0.3494502893067249,0.001096426747403399,0.001328054408889764,65050,D-7,36:42D-7,0.3417599465695839,0.004089154048421098,0.004984691555792774,D-7
38:44D-7,0.1677483416758105,0.001345693549467845,0.001901993995825504,65050,D-7,36:42D-7,0.3417599465695839,0.004089154048421098,0.004984691555792774,D-7
39:45D-7,0.03000045367185622,0.0002295790559871614,0.0002337318431048889,65050,D-7,36:42D-7,0.3417599465695839,0.004089154048421098,0.004984691555792774,D-7
40:46D-7,0.01983712905885241,8.479527598895992e-05,7.283780727814161e-05,65050,D-7,36:42D-7,0.3417599465695839,0.004089154048421098,0.004984691555792774,D-7
27:34D-8,0.3220906619409712,0.0001831360748571708,0.0001902797955393159,65050,D-8,28:35D-8,0.4618404897501692,0.0006468981398330314,0.00070764663641196,D-8
28:35D-8,0.505241014292824,0.0004637620649758592,0.0005173668408726418,65050,D-8,28:35D-8,0.4618404897501692,0.0006468981398330314,0.00070764663641196,D-8
29:36D-8,0.7117171735575646,0.001085585735840335,0.001290095212201422,65050,D-8,29:36D-8,0.7117171735575646,0.001085585735840335,0.001290095212201422,D-8
30:37D-8,0.7860265098805376,0.002505276819928119,0.002953388695316988,65050,D-8,30:37D-8,0.7860265098805376,0.002505276819928119,0.002953388695316988,D-8
31:38D-8,0.7342671599294969,0.001000330687802392,0.0009882468753121634,65050,D-8,31:38D-8,0.7342671599294969,0.001000330687802392,0.0009882468753121634,D-8
32:39D-8,0.7113768245795629,0.0009265707298985823,0.0009292546860587141,65050,D-8,32:39D-8,0.7113768245795629,0.0009265707298985823,0.0009292546860587141,D-8
33:40D-8,0.7726625222957594,0.001026529935132554,0.0009531577380889305,65050,D-8,33:40D-8,0.7726625222957594,0.001026529935132554,0.0009531577380889305,D-8
34:41D-8,0.7761500868414342,0.001030376655134341,0.001007658718446888,65050,D-8,34:41D-8,0.7761500868414342,0.001030376655134341,0.001007658718446888,D-8
35:42D-8,0.7088725487397064,0.001210182854916637,0.001234178752816348,65050,D-8,35:42D-8,0.7088725487397064,0.001210182854916637,0.001234178752816348,D-8
36:43D-8,0.5276060583172634,0.001085753407490673,0.001182101282537837,65050,D-8,36:43D-8,0.3079591318917624,0.003437262286617667,0.004184135501342895,D-8
37:44D-8,0.3527731657840883,0.0009197929755467467,0.001102919029510015,65050,D-8,36:43D-8,0.3079591318917624,0.003437262286617667,0.004184135501342895,D-8
38:45D-8,0.1436488767002914,0.00117950483059643,0.001642468494344132,65050,D-8,36:43D-8,0.3079591318917624,0.003437262286617667,0.004184135501342895,D-8
39:46D-8,0.03036626756215462,0.000180686281643833,0.0001916091709465062,65050,D-8,36:43D-8,0.3079591318917624,0.003437262286617667,0.004184135501342895,D-8
40:47D-8,0.01431983637134853,7.152479133999005e-05,6.503752400447799e-05,65050,D-8,36:43D-8,0.3079591318917624,0.003437262286617667,0.004184135501342895,D-8
26:34D-9,0.738796589408015,0.0001832532894756073,0.0001960519069990333,65050,D-9,26:34D-9,0.738796589408015,0.0001832532894756073,0.0001960519069990333,D-9
27:35D-9,0.7546929286658988,0.0004896963618985163,0.0005318813993066867,65050,D-9,27:35D-9,0.7546929286658988,0.0004896963618985163,0.0005318813993066867,D-9
28:36D-9,0.7785425409084145,0.001091257479384374,0.001273507805129638,65050,D-9,28:36D-9,0.7785425409084145,0.001091257479384374,0.001273507805129638,D-9
29:37D-9,0.7998893226026664,0.002360824403244801,0.002717918350410456,65050,D-9,29:37D-9,0.7998893226026664,0.002360824403244801,0.002717918350410456,D-9
30:38D-9,0.7499376492204768,0.001067586375679104,0.001101135924690495,65050,D-9,30:38D-9,0.7499376492204768,0.001067586375679104,0.001101135924690495,D-9
31:39D-9,0.7884299239202401,0.0009717765285438283,0.0009966591753202178,65050,D-9,31:39D-9,0.7884299239202401,0.0009717765285438283,0.0009966591753202178,D-9
32:40D-9,0.7584063882571258,0.0009794305247583976,0.0009747233826441396,65050,D-9,32:40D-9,0.7584063882571258,0.0009794305247583976,0.0009747233826441396,D-9
33:41D-9,0.7961121526217773,0.0009698957953174068,0.0009579132994983346,65050,D-9,33:41D-9,0.7961121526217773,0.0009698957953174068,0.0009579132994983346,D-9
34:42D-9,0.7626720946324527,0.0009693243581739248,0.00100474067636041,65050,D-9,34:42D-9,0.7626720946324527,0.0009693243581739248,0.00100474067636041,D-9
35:43D-9,0.6044836925548667,0.001126305025802939,0.00123611586596016,65050,D-9,35:43D-9,0.6044836925548667,0.001126305025802939,0.00123611586596016,D-9
36:44D-9,0.5399720022731778,0.000976180806970848,0.00111815561936324,65050,D-9,36:44D-9,0.3179843818110122,0.002742931594968548,0.003402213361841936,D-9
37:45D-9,0.285000895285478,0.0007430058699035903,0.0009167712948886064,65050,D-9,36:44D-9,0.3179843818110122,0.002742931594968548,0.003402213361841936,D-9
38:46D-9,0.1106345433522176,0.0008382471669963745,0.001176102403042453,65050,D-9,36:44D-9,0.3179843818110122,0.002742931594968548,0.003402213361841936,D-9
39:47D-9,0.01597140956547724,0.000138545481011942,0.0001480654973681058,65050,D-9,36:44D-9,0.3179843818110122,0.002742931594968548,0.003402213361841936,D-9
40:48D-9,0.01685941448313126,4.695227008579244e-05,4.311854717956834e-05,65050,D-9,36:44D-9,0.3179843818110122,0.002742931594968548,0.003402213361841936,D-9
25:34D-10,0.3929481821819133,0.0001228445267780159,0.000118821319870601,65050,D-10,26:35D-10,0.5020978279091184,0.0004383113083140257,0.00046613651289285,D-10
26:35D-10,0.5391795775829004,0.0003154667815360107,0.0003473151930222478,65050,D-10,26:35D-10,0.5020978279091184,0.0004383113083140257,0.00046613651289285,D-10
27:36D-10,0.7061991074679662,0.0007734724961079286,0.0008758159110038076,65050,D-10,27:36D-10,0.7061991074679662,0.0007734724961079286,0.0008758159110038076,D-10
28:37D-10,0.7651139301940985,0.001666572073026066,0.001943198393247175,65050,D-10,28:37D-10,0.7651139301940985,0.001666572073026066,0.001943198393247175,D-10
29:38D-10,0.7055841650946993,0.0007528235325815214,0.0007969703096292707,65050,D-10,29:38D-10,0.7055841650946993,0.0007528235325815214,0.0007969703096292707,D-10
30:39D-10,0.6813218344097556,0.0007330221678359028,0.0007215584247004528,65050,D-10,30:39D-10,0.6813218344097556,0.0007330221678359028,0.0007215584247004528,D-10
31:40D-10,0.7161671261731997,0.0007770889527670597,0.0007574948413152318,65050,D-10,31:40D-10,0.7161671261731997,0.0007770889527670597,0.0007574948413152318,D-10
32:41D-10,0.7469569748295098,0.0008224602880022354,0.0007887721652209574,65050,D-10,32:41D-10,0.7469569748295098,0.0008224602880022354,0.0007887721652209574,D-10
33:42D-10,0.7260535344843545,0.0008972307215880534,0.0008784426269677707,65050,D-10,33:42D-10,0.7260535344843545,0.0008972307215880534,0.0008784426269677707,D-10
34:43D-10,0.6357139565856027,0.0008255282958589472,0.0008344657862430554,65050,D-10,34:43D-10,0.6357139565856027,0.0008255282958589472,0.0008344657862430554,D-10
35:44D-10,0.6161575049448429,0.0008132142745336153,0.000862490182759589,65050,D-10,35:44D-10,0.3741997467144944,0.002955456846635745,0.003502011994363935,D-10
36:45D-10,0.420361763500343,0.0006902657765085334,0.0007929525387714246,65050,D-10,35:44D-10,0.3741997467144944,0.002955456846635745,0.003502011994363935,D-10
37:46D-10,0.2198896899916241,0.0005888835325756728,0.0007448022491602733,65050,D-10,35:44D-10,0.3741997467144944,0.002955456846635745,0.003502011994363935,D-10
38:47D-10,0.08769179620814255,0.000709904259378412,0.0009551422882483321,65050,D-10,35:44D-10,0.3741997467144944,0.002955456846635745,0.003502011994363935,D-10
39:48D-10,0.01534978721794861,0.0001161485070910602,0.0001108108891576779,65050,D-10,35:44D-10,0.3741997467144944,0.002955456846635745,0.003502011994363935,D-10
40:49D-10,0.003358635201037423,3.704049654843927e-05,3.581384626666491e-05,65050,D-10,35:44D-10,0.3741997467144944,0.002955456846635745,0.003502011994363935,D-10
24:34D-11,0.3219244873521424,9.818189557658391e-05,0.0001015927820945097,65050,D-11,25:35D-11,0.4732270432841326,0.0003524214699488187,0.0003716223440939704,D-11
25:35D-11,0.5185412108274187,0.0002542395743722343,0.0002700295619994606,65050,D-11,25:35D-11,0.4732270432841326,0.0003524214699488187,0.0003716223440939704,D-11
26:36D-11,0.6583195264515354,0.00057821056268865,0.0006637506287981638,65050,D-11,26:36D-11,0.6583195264515354,0.00057821056268865,0.0006637506287981638,D-11
27:37D-11,0.7248291639724056,0.001312394912215957,0.001529993521760939,65050,D-11,27:37D-11,0.7248291639724056,0.001312394912215957,0.001529993521760939,D-11
28:38D-11,0.6386142563182542,0.000641541910178352,0.0006830024091984043,65050,D-11,28:38D-11,0.6386142563182542,0.000641541910178352,0.0006830024091984043,D-11
29:39D-11,0.6695810176341557,0.0005894277021721841,0.0006217689769897486,65050,D-11,29:39D-11,0.6695810176341557,0.0005894277021721841,0.0006217689769897486,D-11
30:40D-11,0.6784686679002041,0.0006770315139369513,0.0006897067488856117,65050,D-11,30:40D-11,0.6784686679002041,0.0006770315139369513,0.0006897067488856117,D-11
31:41D-11,0.6789747365818732,0.0007049418536426347,0.0006952470146818308,65050,D-11,31:41D-11,0.6789747365818732,0.0007049418536426347,0.0006952470146818308,D-11
32:42D-11,0.7103152655079172,0.000666916252774092,0.0006759235952511553,65050,D-11,32:42D-11,0.7103152655079172,0.000666916252774092,0.0006759235952511553,D-11
33:43D-11,0.6806834454313675,0.0007217146863910584,0.0007500914828277403,65050,D-11,33:43D-11,0.6806834454313675,0.0007217146863910584,0.0007500914828277403,D-11
34:44D-11,0.6170707426778614,0.0006334183737275982,0.0006924805252297644,65050,D-11,34:44D-11,0.6170707426778614,0.0006334183737275982,0.0006924805252297644,D-11
35:45D-11,0.5265844011336003,0.0006491042861260277,0.0007132234952539852,65050,D-11,35:45D-11,0.3132494922748827,0.002491345260799965,0.002910882986828375,D-11
36:46D-11,0.3891762538822285,0.0006099823549017032,0.0006985076079437637,65050,D-11,35:45D-11,0.3132494922748827,0.002491345260799965,0.002910882986828375,D-11
37:47D-11,0.1979553461980225,0.0005277989920987234,0.0006272816954977598,65050,D-11,35:45D-11,0.3132494922748827,0.002491345260799965,0.002910882986828375,D-11
38:48D-11,0.07014943263311152,0.0005680381633073486,0.0007359254210178055,65050,D-11,35:45D-11,0.3132494922748827,0.002491345260799965,0.002910882986828375,D-11
39:49D-11,0.04073699775706754,9.676343407367484e-05,0.0001020168136701995,65050,D-11,35:45D-11,0.3132494922748827,0.002491345260799965,0.002910882986828375,D-11
40:50D-11,0.0007092100724520947,3.965803029248294e-05,3.392795344488659e-05,65050,D-11,35:45D-11,0.3132494922748827,0.002491345260799965,0.002910882986828375,D-11
23:34D-12,0.6851248149711882,8.89198059552258e-05,0.00010568254767891,65050,D-12,24:35D-12,0.6919005839100009,0.0003340464312769625,0.0003712474391687327,D-12
24:35D-12,0.6992001404518977,0.0002451266253217365,0.0002655648914898225,65050,D-12,24:35D-12,0.6919005839100009,0.0003340464312769625,0.0003712474391687327,D-12
25:36D-12,0.6400926407056297,0.0004907030389977329,0.0005761406902330166,65050,D-12,25:36D-12,0.6400926407056297,0.0004907030389977329,0.0005761406902330166,D-12
26:37D-12,0.7435419141476612,0.001128450326792676,0.001300344950055134,65050,D-12,26:37D-12,0.7435419141476612,0.001128450326792676,0.001300344950055134,D-12
27:38D-12,0.7470434722732382,0.0006743606316562973,0.0007515237563353448,65050,D-12,27:38D-12,0.7470434722732382,0.0006743606316562973,0.0007515237563353448,D-12
28:39D-12,0.6838360147263529,0.0006240126801290945,0.00065936392401309,65050,D-12,28:39D-12,0.6838360147263529,0.0006240126801290945,0.00065936392401309,D-12
29:40D-12,0.7174829673384728,0.0006496761306057335,0.0006732136525052705,65050,D-12,29:40D-12,0.7174829673384728,0.0006496761306057335,0.0006732136525052705,D-12
30:41D-12,0.7162261302486596,0.0006916345592894285,0.0007053067408624411,65050,D-12,30:41D-12,0.7162261302486596,0.0006916345592894285,0.0007053067408624411,D-12
31:42D-12,0.6807541496728505,0.0007108844569479138,0.0007302958077631552,65050,D-12,31:42D-12,0.6807541496728505,0.0007108844569479138,0.0007302958077631552,D-12
32:43D-12,0.6715504685052589,0.000714768733477197,0.0007567724940160895,65050,D-12,32:43D-12,0.6715504685052589,0.000714768733477197,0.0007567724940160895,D-12
33:44D-12,0.6893730081384215,0.0007172932276705152,0.0007670106007073387,65050,D-12,33:44D-12,0.6893730081384215,0.0007172932276705152,0.0007670106007073387,D-12
34:45D-12,0.5688712565685621,0.0006066479873525194,0.0006730447103896398,65050,D-12,34:45D-12,0.3614636409632503,0.002768618564915331,0.003227594815907517,D-12
35:46D-12,0.4969686100354483,0.0006121304398899678,0.0006874650465421599,65050,D-12,34:45D-12,0.3614636409632503,0.002768618564915331,0.003227594815907517,D-12
36:47D-12,0.3287359359901916,0.0005435733068990111,0.0006243921829813012,65050,D-12,34:45D-12,0.3614636409632503,0.002768618564915331,0.003227594815907517,D-12
37:48D-12,0.1933524474573463,0.0004428817854528365,0.0005498450499712156,65050,D-12,34:45D-12,0.3614636409632503,0.002768618564915331,0.003227594815907517,D-12
38:49D-12,0.06453048122307259,0.0004521898759613477,0.0005766749547888227,65050,D-12,34:45D-12,0.3614636409632503,0.002768618564915331,0.003227594815907517,D-12
39:50D-12,0.006492055288246505,8.192819545131719e-05,8.477920430025322e-05,65050,D-12,34:45D-12,0.3614636409632503,0.002768618564915331,0.003227594815907517,D-12
40:51D-12,0.004992359723642197,2.926697390834782e-05,3.139366693415707e-05,65050,D-12,34:45D-12,0.3614636409632503,0.002768618564915331,0.003227594815907517,D-12
22:34D-13,0.1328863080486805,5.33725279784597e-05,5.5516712603413e-05,65050,D-13,23:35D-13,0.4126287159652361,0.0002035901583319371,0.0002241874666338693,D-13
23:35D-13,0.4704143263822347,0.0001502176303534774,0.0001686707540304565,65050,D-13,23:35D-13,0.4126287159652361,0.0002035901583319371,0.0002241874666338693,D-13
24:36D-13,0.5243402721581424,0.0003461161733500057,0.0004033209461706485,65050,D-13,24:36D-13,0.5243402721581424,0.0003461161733500057,0.0004033209461706485,D-13
25:37D-13,0.5937975565610316,0.0007273728608268714,0.0008743918216946361,65050,D-13,25:37D-13,0.5937975565610316,0.0007273728608268714,0.0008743918216946361,D-13
26:38D-13,0.5233084754551575,0.0004369431131389748,0.0004858542031203965,65050,D-13,26:38D-13,0.5233084754551575,0.0004369431131389748,0.0004858542031203965,D-13
27:39D-13,0.6127590713090959,0.0004487638648407908,0.0004840063955006551,65050,D-13,27:39D-13,0.6127590713090959,0.0004487638648407908,0.0004840063955006551,D-13
28:40D-13,0.5939554708104767,0.0004511835349184482,0.0004792705228062597,65050,D-13,28:40D-13,0.5939554708104767,0.0004511835349184482,0.0004792705228062597,D-13
29:41D-13,0.5732441139117803,0.0005376448235066314,0.0005310154406202222,65050,D-13,29:41D-13,0.5732441139117803,0.0005376448235066314,0.0005310154406202222,D-13
30:42D-13,0.5246493442042147,0.0005285805873089882,0.0005600470453558313,65050,D-13,30:42D-13,0.5246493442042147,0.0005285805873089882,0.0005600470453558313,D-13
31:43D-13,0.521584764625049,0.000508556196750813,0.0005481078134212357,65050,D-13,31:43D-13,0.521584764625049,0.000508556196750813,0.0005481078134212357,D-13
32:44D-13,0.5327554374099671,0.00048728884263641,0.0005125377743311753,65050,D-13,32:44D-13,0.5327554374099671,0.00048728884263641,0.0005125377743311753,D-13
33:45D-13,0.5144049769853299,0.0004588883138969639,0.0005063846255460411,65050,D-13,33:45D-13,0.3338820087885483,0.002533383406910203,0.002922273727945908,D-13
34:46D-13,0.4785242381666353,0.000449377489236975,0.0005004965147904666,65050,D-13,33:45D-13,0.3338820087885483,0.002533383406910203,0.002922273727945908,D-13
35:47D-13,0.4083769673901324,0.0004419333082580753,0.0004845398420136184,65050,D-13,33:45D-13,0.3338820087885483,0.002533383406910203,0.002922273727945908,D-13
36:48D-13,0.2396545479231285,0.0003895707921451052,0.0004495507554106585,65050,D-13,33:45D-13,0.3338820087885483,0.002533383406910203,0.002922273727945908,D-13
37:49D-13,0.1128047983122372,0.0003320294146249968,0.0004101453316581428,65050,D-13,33:45D-13,0.3338820087885483,0.002533383406910203,0.002922273727945908,D-13
38:50D-13,0.05311930815697387,0.0003742119534839756,0.0004823549656470054,65050,D-13,33:45D-13,0.3338820087885483,0.002533383406910203,0.002922273727945908,D-13
39:51D-13,-0.001130127021778267,6.097890125440665e-05,6.743909705498153e-05,65050,D-13,33:45D-13,0.3338820087885483,0.002533383406910203,0.002922273727945908,D-13
40:52D-13,0.00367035110269574,2.639323400971066e-05,2.136259582501373e-05,65050,D-13,33:45D-13,0.3338820087885483,0.002533383406910203,0.002922273727945908,D-13
21:34D-14,0.2340268851422062,4.95511689916535e-05,4.079060793664478e-05,65050,D-14,22:35D-14,0.3685993260589405,0.0001730741854415641,0.0001705033784741034,D-14
22:35D-14,0.4199596054400802,0.0001235230164499107,0.0001297127705374583,65050,D-14,22:35D-14,0.3685993260589405,0.0001730741854415641,0.0001705033784741034,D-14
23:36D-14,0.558510359164591,0.0002684796288480514,0.000306705683977434,65050,D-14,23:36D-14,0.558510359164591,0.0002684796288480514,0.000306705683977434,D-14
24:37D-14,0.6205497369815123,0.0005867868982329081,0.0006841399048595939,65050,D-14,24:37D-14,0.6205497369815123,0.0005867868982329081,0.0006841399048595939,D-14
25:38D-14,0.5917625032365957,0.0003588763948460722,0.0003999686281296274,65050,D-14,25:38D-14,0.5917625032365957,0.0003588763948460722,0.0003999686281296274,D-14
26:39D-14,0.5639135024813768,0.0003762177044092315,0.0003941023833323082,65050,D-14,26:39D-14,0.5639135024813768,0.0003762177044092315,0.0003941023833323082,D-14
27:40D-14,0.5980413495795914,0.0004112472807850594,0.0004396911962016722,65050,D-14,27:40D-14,0.5980413495795914,0.0004112472807850594,0.0004396911962016722,D-14
28:41D-14,0.5646257104804994,0.0004507708539220932,0.0004930374252413678,65050,D-14,28:41D-14,0.5646257104804994,0.0004507708539220932,0.0004930374252413678,D-14
29:42D-14,0.5772511863769746,0.0004631093250895918,0.000494178370481755,65050,D-14,29:42D-14,0.5772511863769746,0.0004631093250895918,0.000494178370481755,D-14
30:43D-14,0.5221637769012559,0.0005121778157766391,0.0005054743586243561,65050,D-14,30:43D-14,0.5221637769012559,0.0005121778157766391,0.0005054743586243561,D-14
31:44D-14,0.5588199314496791,0.0004717801224332772,0.0004898436416794109,65050,D-14,31:44D-14,0.3778808397416176,0.003084119315141825,0.003422020812222001,D-14
32:45D-14,0.4872021422843273,0.0004243418800227005,0.000447850133304809,65050,D-14,31:44D-14,0.3778808397416176,0.003084119315141825,0.003422020812222001,D-14
33:46D-14,0.444414903540836,0.0004003793060283484,0.0004236325029861368,65050,D-14,31:44D-14,0.3778808397416176,0.003084119315141825,0.003422020812222001,D-14
34:47D-14,0.3999081201827206,0.0003454492127861076,0.0003968013664305448,65050,D-14,31:44D-14,0.3778808397416176,0.003084119315141825,0.003422020812222001,D-14
35:48D-14,0.3469960768600684,0.0003695897490179651,0.0004040674139392755,65050,D-14,31:44D-14,0.3778808397416176,0.003084119315141825,0.003422020812222001,D-14
36:49D-14,0.2559503499185798,0.0003174204276866674,0.0003717140707912505,65050,D-14,31:44D-14,0.3778808397416176,0.003084119315141825,0.003422020812222001,D-14
37:50D-14,0.1123848388787646,0.0002977967252514412,0.0003532815998963342,65050,D-14,31:44D-14,0.3778808397416176,0.003084119315141825,0.003422020812222001,D-14
38:51D-14,0.04822387955382413,0.0003504121187668297,0.0004353923630270496,65050,D-14,31:44D-14,0.3778808397416176,0.003084119315141825,0.003422020812222001,D-14
39:52D-14,0.01755113188801782,7.447378472841814e-05,7.354769859779382e-05,65050,D-14,31:44D-14,0.3778808397416176,0.003084119315141825,0.003422020812222001,D-14
40:53D-14,0.06114435588038188,3.247598842007538e-05,2.589002156941603e-05,65050,D-14,31:44D-14,0.3778808397416176,0.003084119315141825,0.003422020812222001,D-14
20:34D-15,0.4101094596106371,4.696788545466768e-05,4.718170834346489e-05,65050,D-15,21:35D-15,0.3832450516519468,0.0001486102059778656,0.0001630266925251314,D-15
21:35D-15,0.3652735627898203,0.0001016423205231979,0.0001158449841816658,65050,D-15,21:35D-15,0.3832450516519468,0.0001486102059778656,0.0001630266925251314,D-15
22:36D-15,0.6069322322307759,0.0002414412254212813,0.0002755829717217886,65050,D-15,22:36D-15,0.6069322322307759,0.0002414412254212813,0.0002755829717217886,D-15
23:37D-15,0.6244269408174908,0.000466385499478745,0.0005539692946777545,65050,D-15,23:37D-15,0.6244269408174908,0.000466385499478745,0.0005539692946777545,D-15
24:38D-15,0.6286754222218379,0.0003355968923604888,0.0003629428765849432,65050,D-15,24:38D-15,0.6286754222218379,0.0003355968923604888,0.0003629428765849432,D-15
25:39D-15,0.5791839099567878,0.0002961880263504437,0.0003317617749923818,65050,D-15,25:39D-15,0.5791839099567878,0.0002961880263504437,0.0003317617749923818,D-15
26:40D-15,0.5672742396921467,0.0003907586806334754,0.0004256514398430459,65050,D-15,26:40D-15,0.5672742396921467,0.0003907586806334754,0.0004256514398430459,D-15
27:41D-15,0.5324435275620991,0.0004277763092235893,0.0004783149014725249,65050,D-15,27:41D-15,0.5324435275620991,0.0004277763092235893,0.0004783149014725249,D-15
28:42D-15,0.5324924630050246,0.000435422721528549,0.0004956166730775025,65050,D-15,28:42D-15,0.5324924630050246,0.000435422721528549,0.0004956166730775025,D-15
29:43D-15,0.5778758479320062,0.0005059838072601873,0.0005499682687041289,65050,D-15,29:43D-15,0.5778758479320062,0.0005059838072601873,0.0005499682687041289,D-15
30:44D-15,0.5603962178765661,0.0004837562627811111,0.0005327345875218875,65050,D-15,30:44D-15,0.5603962178765661,0.0004837562627811111,0.0005327345875218875,D-15
31:45D-15,0.6072693273596796,0.0004412987684669193,0.0004898926346010752,65050,D-15,31:45D-15,0.3927349977402267,0.002771713922418054,0.003177102432578218,D-15
32:46D-15,0.4658000760290468,0.0003996246332192793,0.0004173458304990555,65050,D-15,31:45D-15,0.3927349977402267,0.002771713922418054,0.003177102432578218,D-15
33:47D-15,0.4251681559875731,0.0003727403210532345,0.0004091001925183382,65050,D-15,31:45D-15,0.3927349977402267,0.002771713922418054,0.003177102432578218,D-15
34:48D-15,0.3789111856155538,0.000335213614605274,0.0003588568257632427,65050,D-15,31:45D-15,0.3927349977402267,0.002771713922418054,0.003177102432578218,D-15
35:49D-15,0.3858760513389974,0.0003184724211827005,0.0003543334033720877,65050,D-15,31:45D-15,0.3927349977402267,0.002771713922418054,0.003177102432578218,D-15
36:50D-15,0.2083001876646333,0.0002776745542605329,0.0003325446238216815,65050,D-15,31:45D-15,0.3927349977402267,0.002771713922418054,0.003177102432578218,D-15
37:51D-15,0.09400647417244448,0.0002437976901999214,0.0003110542358875028,65050,D-15,31:45D-15,0.3927349977402267,0.002771713922418054,0.003177102432578218,D-15
38:52D-15,0.0516244539150346,0.0002988665644296298,0.0004169494753247556,65050,D-15,31:45D-15,0.3927349977402267,0.002771713922418054,0.003177102432578218,D-15
39:53D-15,0.009893806012442292,6.741338554666213e-05,7.014527819368887e-05,65050,D-15,31:45D-15,0.3927349977402267,0.002771713922418054,0.003177102432578218,D-15
40:54D-15,0.001924881094554647,1.661196945389918e-05,1.687993259680481e-05,65050,D-15,31:45D-15,0.3927349977402267,0.002771713922418054,0.003177102432578218,D-15
19:34D-16,0.1872563612913548,3.91698834719643e-05,3.454499430316144e-05,65050,D-16,23:38D-16,0.4362482631221431,0.0008448915777288442,0.0009747240128405362,D-16
20:35D-16,0.3879235790421443,8.116983834586466e-05,9.030692499473975e-05,65050,D-16,23:38D-16,0.4362482631221431,0.0008448915777288442,0.0009747240128405362,D-16
21:36D-16,0.4015330145068257,0.000169878788279371,0.0002071810354277477,65050,D-16,23:38D-16,0.4362482631221431,0.0008448915777288442,0.0009747240128405362,D-16
22:37D-16,0.4814887712569485,0.0003367421271335864,0.0004009509598125093,65050,D-16,23:38D-16,0.4362482631221431,0.0008448915777288442,0.0009747240128405362,D-16
23:38D-16,0.4320518205175582,0.0002179309404980564,0.0002417400983023745,65050,D-16,23:38D-16,0.4362482631221431,0.0008448915777288442,0.0009747240128405362,D-16
24:39D-16,0.5501156448253824,0.0002538626687514814,0.0002865324133064228,65050,D-16,24:39D-16,0.5501156448253824,0.0002538626687514814,0.0002865324133064228,D-16
25:40D-16,0.5034181856679655,0.000277465252722956,0.0002925643242406439,65050,D-16,25:40D-16,0.5034181856679655,0.000277465252722956,0.0002925643242406439,D-16
26:41D-16,0.5766270585165368,0.0003488515196360332,0.0003905508593760645,65050,D-16,26:41D-16,0.5766270585165368,0.0003488515196360332,0.0003905508593760645,D-16
27:42D-16,0.4512674258952557,0.0003362089287195937,0.0004084963738609399,65050,D-16,27:42D-16,0.3675862895528759,0.003642553562848712,0.004265613092117663,D-16
28:43D-16,0.4357095053700541,0.00039378735916535,0.0004250003437004709,65050,D-16,27:42D-16,0.3675862895528759,0.003642553562848712,0.004265613092117663,D-16
29:44D-16,0.4129805288610839,0.0003667951067467227,0.0004183292692668912,65050,D-16,27:42D-16,0.3675862895528759,0.003642553562848712,0.004265613092117663,D-16
30:45D-16,0.3838252846925602,0.0003524262640479098,0.0004049250587218947,65050,D-16,27:42D-16,0.3675862895528759,0.003642553562848712,0.004265613092117663,D-16
31:46D-16,0.3591108230264346,0.0003380090323166331,0.0003573521834350305,65050,D-16,27:42D-16,0.3675862895528759,0.003642553562848712,0.004265613092117663,D-16
32:47D-16,0.3759433626275802,0.0003080692903472415,0.0003236403938394657,65050,D-16,27:42D-16,0.3675862895528759,0.003642553562848712,0.004265613092117663,D-16
33:48D-16,0.3578927031148673,0.0002779595667161619,0.0003008030828662213,65050,D-16,27:42D-16,0.3675862895528759,0.003642553562848712,0.004265613092117663,D-16
34:49D-16,0.3271110870264422,0.0002345077767813399,0.0002641325196438711,65050,D-16,27:42D-16,0.3675862895528759,0.003642553562848712,0.004265613092117663,D-16
35:50D-16,0.2996888271915495,0.0002271130350584713,0.0002585011724285285,65050,D-16,27:42D-16,0.3675862895528759,0.003642553562848712,0.004265613092117663,D-16
36:51D-16,0.1662377502149568,0.0002071311048289889,0.0002539987514027992,65050,D-16,27:42D-16,0.3675862895528759,0.003642553562848712,0.004265613092117663,D-16
37:52D-16,0.08788512796502433,0.000207634517733691,0.0002801992188349212,65050,D-16,27:42D-16,0.3675862895528759,0.003642553562848712,0.004265613092117663,D-16
38:53D-16,0.0481424427903288,0.0003338935635939585,0.0005037947085772911,65050,D-16,27:42D-16,0.3675862895528759,0.003642553562848712,0.004265613092117663,D-16
39:54D-16,0.01701039784936612,4.690708379091783e-05,5.260457445418877e-05,65050,D-16,27:42D-16,0.3675862895528759,0.003642553562848712,0.004265613092117663,D-16
40:55D-16,0.003493789705214203,1.211093300175921e-05,1.383544108523384e-05,65050,D-16,27:42D-16,0.3675862895528759,0.003642553562848712,0.004265613092117663,D-16
18:34D-17,0.1443448308290694,2.643368132345643e-05,3.208923325059908e-05,65050,D-17,20:36D-17,0.3607904496425891,0.0002373587445162223,0.0002788194319079322,D-17
19:35D-17,0.2901700325628526,6.988187720791063e-05,7.688207925061612e-05,65050,D-17,20:36D-17,0.3607904496425891,0.0002373587445162223,0.0002788194319079322,D-17
20:36D-17,0.4135337620568353,0.0001410431859848554,0.0001698481194067176,65050,D-17,20:36D-17,0.3607904496425891,0.0002373587445162223,0.0002788194319079322,D-17
21:37D-17,0.6151964354140794,0.0002685225078578092,0.000334783967597145,65050,D-17,21:37D-17,0.6151964354140794,0.0002685225078578092,0.000334783967597145,D-17
22:38D-17,0.5138724286932834,0.0001778062069328508,0.0001939115393681865,65050,D-17,22:38D-17,0.5138724286932834,0.0001778062069328508,0.0001939115393681865,D-17
23:39D-17,0.3602201938834621,0.0001752413791807611,0.0001929536163548862,65050,D-17,23:39D-17,0.3563019082465557,0.00407858355488132,0.004696671176037014,D-17
24:40D-17,0.4359779758336034,0.0002254864275117653,0.0002295999232312014,65050,D-17,23:39D-17,0.3563019082465557,0.00407858355488132,0.004696671176037014,D-17
25:41D-17,0.4732596139402629,0.0002784255640170781,0.0003100872805511228,65050,D-17,23:39D-17,0.3563019082465557,0.00407858355488132,0.004696671176037014,D-17
26:42D-17,0.4226317407848044,0.0003084404195896127,0.0003565702702716377,65050,D-17,23:39D-17,0.3563019082465557,0.00407858355488132,0.004696671176037014,D-17
27:43D-17,0.3199498063325271,0.0003216231449527522,0.0003477636066751198,65050,D-17,23:39D-17,0.3563019082465557,0.00407858355488132,0.004696671176037014,D-17
28:44D-17,0.3166157812770827,0.0003250949300560064,0.0003805393091470496,65050,D-17,23:39D-17,0.3563019082465557,0.00407858355488132,0.004696671176037014,D-17
29:45D-17,0.3205557988792948,0.0003280620284233837,0.0003749682684925589,65050,D-17,23:39D-17,0.3563019082465557,0.00407858355488132,0.004696671176037014,D-17
30:46D-17,0.3038461563063291,0.0003250247663190674,0.0003502988161914604,65050,D-17,23:39D-17,0.3563019082465557,0.00407858355488132,0.004696671176037014,D-17
31:47D-17,0.3419769094742588,0.000279372635853826,0.0003091151754849556,65050,D-17,23:39D-17,0.3563019082465557,0.00407858355488132,0.004696671176037014,D-17
32:48D-17,0.4116509770764574,0.0002513503647143641,0.0002737260787843464,65050,D-17,23:39D-17,0.3563019082465557,0.00407858355488132,0.004696671176037014,D-17
33:49D-17,0.3010621391193645,0.0002072974194930127,0.0002405781205066841,65050,D-17,23:39D-17,0.3563019082465557,0.00407858355488132,0.004696671176037014,D-17
34:50D-17,0.2357176801522742,0.0001965102095014871,0.000218013293037159,65050,D-17,23:39D-17,0.3563019082465557,0.00407858355488132,0.004696671176037014,D-17
35:51D-17,0.2068193166002673,0.0001893532967371941,0.0002126063224788645,65050,D-17,23:39D-17,0.3563019082465557,0.00407858355488132,0.004696671176037014,D-17
36:52D-17,0.1763024086813673,0.0001923801503123556,0.0002119521296416629,65050,D-17,23:39D-17,0.3563019082465557,0.00407858355488132,0.004696671176037014,D-17
37:53D-17,0.07055253777855232,0.0001872640112789301,0.0002407595778560832,65050,D-17,23:39D-17,0.3563019082465557,0.00407858355488132,0.004696671176037014,D-17
38:54D-17,0.05252742015337823,0.0002419285910748633,0.0004054318480583145,65050,D-17,23:39D-17,0.3563019082465557,0.00407858355488132,0.004696671176037014,D-17
39:55D-17,0.01065683330602217,3.508658977201466e-05,3.350098537067043e-05,65050,D-17,23:39D-17,0.3563019082465557,0.00407858355488132,0.004696671176037014,D-17
40:56D-17,0.003622297837482945,1.064162609288488e-05,8.20655390333296e-06,65050,D-17,23:39D-17,0.3563019082465557,0.00407858355488132,0.004696671176037014,D-17
17:34D-18,0.6612083611972907,3.267328648537024e-05,3.652917352815805e-05,65050,D-18,18:35D-18,0.5217981005074691,0.0001045836880580531,0.0001175545654163757,D-18
18:35D-18,0.4542657462849874,7.191040157268291e-05,8.102539188821748e-05,65050,D-18,18:35D-18,0.5217981005074691,0.0001045836880580531,0.0001175545654163757,D-18
19:36D-18,0.6036109888323425,0.0001469324469915985,0.0001779830245640769,65050,D-18,19:36D-18,0.6036109888323425,0.0001469324469915985,0.0001779830245640769,D-18
20:37D-18,0.5718962579021957,0.0002736782032666508,0.0003046398277723299,65050,D-18,20:37D-18,0.5718962579021957,0.0002736782032666508,0.0003046398277723299,D-18
21:38D-18,0.6657718997004415,0.0001665702683973118,0.0001816682648827187,65050,D-18,21:38D-18,0.6657718997004415,0.0001665702683973118,0.0001816682648827187,D-18
22:39D-18,0.5606113267192944,0.0001671924098809647,0.0001856903086016898,65050,D-18,22:39D-18,0.5606113267192944,0.0001671924098809647,0.0001856903086016898,D-18
23:40D-18,0.5886911004827652,0.0002267636097535618,0.0002459668080600382,65050,D-18,23:40D-18,0.5886911004827652,0.0002267636097535618,0.0002459668080600382,D-18
24:41D-18,0.6489373730094758,0.000258661399460941,0.000305346382706773,65050,D-18,24:41D-18,0.6489373730094758,0.000258661399460941,0.000305346382706773,D-18
25:42D-18,0.5594070437330055,0.0002345932003727169,0.0002812278700608076,65050,D-18,25:42D-18,0.5594070437330055,0.0002345932003727169,0.0002812278700608076,D-18
26:43D-18,0.3988844061828334,0.000306334967056457,0.0003562030452533543,65050,D-18,26:43D-18,0.3926416124567877,0.003054604178800475,0.003650223495227198,D-18
27:44D-18,0.4967926188047411,0.0003402581208850557,0.0004044961789771397,65050,D-18,26:43D-18,0.3926416124567877,0.003054604178800475,0.003650223495227198,D-18
28:45D-18,0.3515860354460841,0.0003135405578215273,0.0003670210244929424,65050,D-18,26:43D-18,0.3926416124567877,0.003054604178800475,0.003650223495227198,D-18
29:46D-18,0.4488762307560864,0.0003167877797032829,0.0003703398941739393,65050,D-18,26:43D-18,0.3926416124567877,0.003054604178800475,0.003650223495227198,D-18
30:47D-18,0.4606975441558556,0.0002917636905662136,0.0003438791899002661,65050,D-18,26:43D-18,0.3926416124567877,0.003054604178800475,0.003650223495227198,D-18
31:48D-18,0.3475606090551789,0.0002507076197888962,0.0002924285983704627,65050,D-18,26:43D-18,0.3926416124567877,0.003054604178800475,0.003650223495227198,D-18
32:49D-18,0.458951971245007,0.0002135623783132487,0.0002590374419702973,65050,D-18,26:43D-18,0.3926416124567877,0.003054604178800475,0.003650223495227198,D-18
33:50D-18,0.406015345053491,0.0002094322904620511,0.0002274289190975748,65050,D-18,26:43D-18,0.3926416124567877,0.003054604178800475,0.003650223495227198,D-18
34:51D-18,0.2735763220597318,0.0001792099446015665,0.0001964862084015026,65050,D-18,26:43D-18,0.3926416124567877,0.003054604178800475,0.003650223495227198,D-18
35:52D-18,0.1655963642904835,0.0001640044474719231,0.0001906278407517469,65050,D-18,26:43D-18,0.3926416124567877,0.003054604178800475,0.003650223495227198,D-18
36:53D-18,0.1296557422544519,0.0001550239875728544,0.0001886978092386531,65050,D-18,26:43D-18,0.3926416124567877,0.003054604178800475,0.003650223495227198,D-18
37:54D-18,0.09093617552216494,0.0001422934979985242,0.0002113767787062007,65050,D-18,26:43D-18,0.3926416124567877,0.003054604178800475,0.003650223495227198,D-18
38:55D-18,0.03616802942223095,0.0001430924480475431,0.0002153893600156513,65050,D-18,26:43D-18,0.3926416124567877,0.003054604178800475,0.003650223495227198,D-18
39:56D-18,0.002290408095414852,2.029144836754421e-05,2.244017231698684e-05,65050,D-18,26:43D-18,0.3926416124567877,0.003054604178800475,0.003650223495227198,D-18
40:57D-18,-0.0007601189580175495,8.301000143791003e-06,4.371033560515596e-06,65050,D-18,26:43D-18,0.3926416124567877,0.003054604178800475,0.003650223495227198,D-18
10:34D-25,0.005303232386975015,4.140876560708796e-06,5.740501136899072e-06,65050,D-25,D-19+,0.5940878459166329,0.0313212921585931,0.03692785678526115,D-19+
10:35D-26,0.05107152443535745,1.503482770630904e-05,1.205822194714044e-05,65050,D-26,D-19+,0.5940878459166329,0.0313212921585931,0.03692785678526115,D-19+
10:36D-27,0.2876809267531845,3.012649169845317e-05,2.84365002814508e-05,65050,D-27,D-19+,0.5940878459166329,0.0313212921585931,0.03692785678526115,D-19+
10:37D-28,0.3365017413917635,3.895608134164232e-05,4.715220070904639e-05,65050,D-28,D-19+,0.5940878459166329,0.0313212921585931,0.03692785678526115,D-19+
10:38D-29,0.2994009516956646,1.975621794195913e-05,1.966025908409455e-05,65050,D-29,D-19+,0.5940878459166329,0.0313212921585931,0.03692785678526115,D-19+
11:34D-24,0.9316545855550004,1.290321560659835e-05,1.266419195424601e-05,65050,D-24,D-19+,0.5940878459166329,0.0313212921585931,0.03692785678526115,D-19+
11:35D-25,0.08003109519188835,1.318303564881567e-05,1.392358177604554e-05,65050,D-25,D-19+,0.5940878459166329,0.0313212921585931,0.03692785678526115,D-19+
11:36D-26,0.4613141612731011,2.892157870877425e-05,2.768592308855693e-05,65050,D-26,D-19+,0.5940878459166329,0.0313212921585931,0.03692785678526115,D-19+
11:37D-27,0.9047485764797372,5.315436161619109e-05,6.107935064211623e-05,65050,D-27,D-19+,0.5940878459166329,0.0313212921585931,0.03692785678526115,D-19+
11:38D-28,0.2122888017944876,2.622656108851493e-05,2.833721055165149e-05,65050,D-28,D-19+,0.5940878459166329,0.0313212921585931,0.03692785678526115,D-19+
11:39D-29,0.6966444950571522,2.323940486897087e-05,2.752882006712634e-05,65050,D-29,D-19+,0.5940878459166329,0.0313212921585931,0.03692785678526115,D-19+
12:34D-23,0.08313282791747659,6.736684820585795e-06,7.691081594948939e-06,65050,D-23,D-19+,0.5940878459166329,0.0313212921585931,0.03692785678526115,D-19+
12:35D-24,0.910419387647647,2.573441164963305e-05,3.233087711910373e-05,65050,D-24,D-19+,0.5940878459166329,0.0313212921585931,0.03692785678526115,D-19+
12:36D-25,0.05228278520207388,2.990282154419396e-05,3.160928422168497e-05,65050,D-25,D-19+,0.5940878459166329,0.0313212921585931,0.03692785678526115,D-19+
12:37D-26,0.3206288427102329,4.87601569838812e-05,5.687675560563678e-05,65050,D-26,D-19+,0.5940878459166329,0.0313212921585931,0.03692785678526115,D-19+
12:38D-27,0.8037719105847134,3.668172926256161e-05,4.394140803566681e-05,65050,D-27,D-19+,0.5940878459166329,0.0313212921585931,0.03692785678526115,D-19+
12:39D-28,0.2981103831014947,2.306707541534837e-05,2.877418140658412e-05,65050,D-28,D-19+,0.5940878459166329,0.0313212921585931,0.03692785678526115,D-19+
12:40D-29,0.1885948299408327,2.432158744389715e-05,2.315190423715946e-05,65050,D-29,D-19+,0.5940878459166329,0.0313212921585931,0.03692785678526115,D-19+
13:34D-22,0.1453804621106965,1.299407219421033e-05,1.048483873369128e-05,65050,D-22,D-19+,0.5940878459166329,0.0313212921585931,0.03692785678526115,D-19+
13:35D-23,0.2638658877646244,2.121841318011537e-05,2.477684578053917e-05,65050,D-23,D-19+,0.5940878459166329,0.0313212921585931,0.03692785678526115,D-19+
13:36D-24,0.7448787486002342,4.64612940521015e-05,5.104438978821599e-05,65050,D-24,D-19+,0.5940878459166329,0.0313212921585931,0.03692785678526115,D-19+
13:37D-25,0.39095571667245,5.645458805070877e-05,7.334099824707396e-05,65050,D-25,D-19+,0.5940878459166329,0.0313212921585931,0.03692785678526115,D-19+
13:38D-26,0.3717096491086439,3.538895918369542e-05,4.027969204454989e-05,65050,D-26,D-19+,0.5940878459166329,0.0313212921585931,0.03692785678526115,D-19+
13:39D-27,0.937726842692082,4.435861138092983e-05,5.321992800098189e-05,65050,D-27,D-19+,0.5940878459166329,0.0313212921585931,0.03692785678526115,D-19+
13:40D-28,0.2157499401971244,3.289981571135075e-05,3.112844973472709e-05,65050,D-28,D-19+,0.5940878459166329,0.0313212921585931,0.03692785678526115,D-19+
13:41D-29,0.4398097831877476,3.931615040887555e-05,3.989337689859626e-05,65050,D-29,D-19+,0.5940878459166329,0.0313212921585931,0.03692785678526115,D-19+
14:34D-21,0.5314875861519488,1.630625238678516e-05,1.945656129496977e-05,65050,D-21,D-19+,0.5940878459166329,0.0313212921585931,0.03692785678526115,D-19+
14:35D-22,0.03020088372847488,2.916660050754155e-05,2.890489841569191e-05,65050,D-22,D-19+,0.5940878459166329,0.0313212921585931,0.03692785678526115,D-19+
14:36D-23,0.1629892580484517,4.828381762055361e-05,5.492498622759231e-05,65050,D-23,D-19+,0.5940878459166329,0.0313212921585931,0.03692785678526115,D-19+
14:37D-24,0.6763413710043021,9.661165973747362e-05,0.0001039740461066207,65050,D-24,D-19+,0.5940878459166329,0.0313212921585931,0.03692785678526115,D-19+
14:38D-25,0.1244832947475946,4.749825791040045e-05,4.947151460479698e-05,65050,D-25,D-19+,0.5940878459166329,0.0313212921585931,0.03692785678526115,D-19+
14:39D-26,0.4640756101767574,4.444418653226798e-05,4.505126154461643e-05,65050,D-26,D-19+,0.5940878459166329,0.0313212921585931,0.03692785678526115,D-19+
14:40D-27,0.5546696849122845,4.532872824311833e-05,5.332898741629622e-05,65050,D-27,D-19+,0.5940878459166329,0.0313212921585931,0.03692785678526115,D-19+
14:41D-28,0.1772660922002371,4.484330450356299e-05,5.121357753996111e-05,65050,D-28,D-19+,0.5940878459166329,0.0313212921585931,0.03692785678526115,D-19+
14:42D-29,0.1195594463784991,3.253909851630421e-05,4.208797580562302e-05,65050,D-29,D-19+,0.5940878459166329,0.0313212921585931,0.03692785678526115,D-19+
15:34D-20,0.1888518133442325,1.993599579293892e-05,1.860735908941739e-05,65050,D-20,D-19+,0.5940878459166329,0.0313212921585931,0.03692785678526115,D-19+
15:35D-21,0.2619695209436246,4.155654305157844e-05,4.429274798844557e-05,65050,D-21,D-19+,0.5940878459166329,0.0313212921585931,0.03692785678526115,D-19+
15:36D-22,0.2782106332181528,6.133371514702057e-05,7.635418720566233e-05,65050,D-22,D-19+,0.5940878459166329,0.0313212921585931,0.03692785678526115,D-19+
15:37D-23,0.4093682502240432,0.0001005799375392044,0.0001272361257483546,65050,D-23,D-19+,0.5940878459166329,0.0313212921585931,0.03692785678526115,D-19+
15:38D-24,0.6684301601647775,7.295631780888039e-05,7.751020595568322e-05,65050,D-24,D-19+,0.5940878459166329,0.0313212921585931,0.03692785678526115,D-19+
15:39D-25,0.2673406234403297,5.365515506644824e-05,5.636920263273313e-05,65050,D-25,D-19+,0.5940878459166329,0.0313212921585931,0.03692785678526115,D-19+
15:40D-26,0.2000090304008672,4.874157371093978e-05,5.017220207475169e-05,65050,D-26,D-19+,0.5940878459166329,0.0313212921585931,0.03692785678526115,D-19+
15:41D-27,0.3895288985105703,6.324627596216262e-05,6.716924396033619e-05,65050,D-27,D-19+,0.5940878459166329,0.0313212921585931,0.03692785678526115,D-19+
15:42D-28,0.09277465960621276,5.054640091704679e-05,5.492144147433855e-05,65050,D-28,D-19+,0.5940878459166329,0.0313212921585931,0.03692785678526115,D-19+
15:43D-29,0.09011682788563924,3.697803091107856e-05,4.917516344766358e-05,65050,D-29,D-19+,0.5940878459166329,0.0313212921585931,0.03692785678526115,D-19+
16:34D-19,0.0361701303404605,1.830916514251615e-05,1.977763020327787e-05,65050,D-19,D-19+,0.5940878459166329,0.0313212921585931,0.03692785678526115,D-19+
16:35D-20,0.123994350501113,4.57984661475654e-05,5.000708968161389e-05,65050,D-20,D-19+,0.5940878459166329,0.0313212921585931,0.03692785678526115,D-19+
16:36D-21,0.5332269163789779,8.964843703547699e-05,0.0001174956768662199,65050,D-21,D-19+,0.5940878459166329,0.0313212921585931,0.03692785678526115,D-19+
16:37D-22,0.4722267237449861,0.0001208806361592288,0.0001543471456480793,65050,D-22,D-19+,0.5940878459166329,0.0313212921585931,0.03692785678526115,D-19+
16:38D-23,0.4594284651854874,6.543409106614347e-05,7.463484005162733e-05,65050,D-23,D-19+,0.5940878459166329,0.0313212921585931,0.03692785678526115,D-19+
16:39D-24,0.528091428178191,7.078202657720645e-05,8.017229106072034e-05,65050,D-24,D-19+,0.5940878459166329,0.0313212921585931,0.03692785678526115,D-19+
16:40D-25,0.2498893508171584,4.896414277922935e-05,6.087386604663522e-05,65050,D-25,D-19+,0.5940878459166329,0.0313212921585931,0.03692785678526115,D-19+
16:41D-26,0.2608754558148131,6.136353873246539e-05,6.627610969799979e-05,65050,D-26,D-19+,0.5940878459166329,0.0313212921585931,0.03692785678526115,D-19+
16:42D-27,0.1921045529095052,5.979265822914641e-05,6.413609265921717e-05,65050,D-27,D-19+,0.5940878459166329,0.0313212921585931,0.03692785678526115,D-19+
16:43D-28,0.1445227767035686,4.747392591023057e-05,5.767432641983566e-05,65050,D-28,D-19+,0.5940878459166329,0.0313212921585931,0.03692785678526115,D-19+
16:44D-29,0.1274886475758691,4.709675512517123e-05,5.764658608865363e-05,65050,D-29,D-19+,0.5940878459166329,0.0313212921585931,0.03692785678526115,D-19+
17:35D-19,0.1076097733735213,4.754721947047535e-05,6.039884799690448e-05,65050,D-19,D-19+,0.5940878459166329,0.0313212921585931,0.03692785678526115,D-19+
17:36D-20,0.4469441825840103,9.275764812667049e-05,0.0001229419006282912,65050,D-20,D-19+,0.5940878459166329,0.0313212921585931,0.03692785678526115,D-19+
17:37D-21,0.3754752213114341,0.0001588509336804683,0.0002050045044848669,65050,D-21,D-19+,0.5940878459166329,0.0313212921585931,0.03692785678526115,D-19+
17:38D-22,0.278703904987655,8.024713713700564e-05,8.077826845944091e-05,65050,D-22,D-19+,0.5940878459166329,0.0313212921585931,0.03692785678526115,D-19+
17:39D-23,0.1676624926920512,6.937761669997498e-05,7.275690911049815e-05,65050,D-23,D-19+,0.5940878459166329,0.0313212921585931,0.03692785678526115,D-19+
17:40D-24,0.5676094705201457,7.748274296150429e-05,8.674623622768341e-05,65050,D-24,D-19+,0.5940878459166329,0.0313212921585931,0.03692785678526115,D-19+
17:41D-25,0.3347985513888636,7.249576030667541e-05,7.934237193642895e-05,65050,D-25,D-19+,0.5940878459166329,0.0313212921585931,0.03692785678526115,D-19+
17:42D-26,0.2283071754017264,5.589828683276581e-05,6.312431503040809e-05,65050,D-26,D-19+,0.5940878459166329,0.0313212921585931,0.03692785678526115,D-19+
17:43D-27,0.1012375720564493,5.895972805556973e-05,6.939350085376537e-05,65050,D-27,D-19+,0.5940878459166329,0.0313212921585931,0.03692785678526115,D-19+
17:44D-28,0.145698329404967,6.268094431631941e-05,6.742349959360182e-05,65050,D-28,D-19+,0.5940878459166329,0.0313212921585931,0.03692785678526115,D-19+
17:45D-29,0.1483599245783206,5.368632991348112e-05,6.104169568742295e-05,65050,D-29,D-19+,0.5940878459166329,0.0313212921585931,0.03692785678526115,D-19+
18:36D-19,0.8063689588534259,0.0001197279887906396,0.0001531690481616414,65050,D-19,D-19+,0.5940878459166329,0.0313212921585931,0.03692785678526115,D-19+
18:37D-20,0.3002030346661052,0.0001666932192960393,0.0002225312771102549,65050,D-20,D-19+,0.5940878459166329,0.0313212921585931,0.03692785678526115,D-19+
18:38D-21,0.6159226237862839,0.000102714547430897,0.0001178646143835754,65050,D-21,D-19+,0.5940878459166329,0.0313212921585931,0.03692785678526115,D-19+
18:39D-22,0.3411101747696733,8.02614276963748e-05,8.811207973691408e-05,65050,D-22,D-19+,0.5940878459166329,0.0313212921585931,0.03692785678526115,D-19+
18:40D-23,0.3909752034632489,7.239285976853476e-05,8.223092728583455e-05,65050,D-23,D-19+,0.5940878459166329,0.0313212921585931,0.03692785678526115,D-19+
18:41D-24,0.6007905561372048,8.975054737678009e-05,0.0001066940050596402,65050,D-24,D-19+,0.5940878459166329,0.0313212921585931,0.03692785678526115,D-19+
18:42D-25,0.1074764456825975,6.783142035340754e-05,8.109687878239363e-05,65050,D-25,D-19+,0.5940878459166329,0.0313212921585931,0.03692785678526115,D-19+
18:43D-26,0.1182792264920713,6.349830758850712e-05,7.44615128945309e-05,65050,D-26,D-19+,0.5940878459166329,0.0313212921585931,0.03692785678526115,D-19+
18:44D-27,0.2501562419588957,6.22420182079551e-05,8.286897101303617e-05,65050,D-27,D-19+,0.5940878459166329,0.0313212921585931,0.03692785678526115,D-19+
18:45D-28,0.2217489428256559,5.661484410653906e-05,6.378218356884645e-05,65050,D-28,D-19+,0.5940878459166329,0.0313212921585931,0.03692785678526115,D-19+
18:46D-29,0.116227307447342,4.301815092286006e-05,5.631297215556728e-05,65050,D-29,D-19+,0.5940878459166329,0.0313212921585931,0.03692785678526115,D-19+
19:37D-19,0.3545159744399763,0.0001934517678196599,0.0002488689407860512,65050,D-19,D-19+,0.5940878459166329,0.0313212921585931,0.03692785678526115,D-19+
19:38D-20,0.4669243230548078,0.0001082434754258668,0.0001127603710873574,65050,D-20,D-19+,0.5940878459166329,0.0313212921585931,0.03692785678526115,D-19+
19:39D-21,0.5208729007852242,0.0001019471789589567,0.0001193263491552363,65050,D-21,D-19+,0.5940878459166329,0.0313212921585931,0.03692785678526115,D-19+
19:40D-22,0.3280583554237282,8.543037722209036e-05,9.581415594619502e-05,65050,D-22,D-19+,0.5940878459166329,0.0313212921585931,0.03692785678526115,D-19+
19:41D-23,0.3812088827796101,0.0001027694848767458,0.0001089724187388054,65050,D-23,D-19+,0.5940878459166329,0.0313212921585931,0.03692785678526115,D-19+
19:42D-24,0.2483570658508553,8.266182650549883e-05,9.445624219710604e-05,65050,D-24,D-19+,0.5940878459166329,0.0313212921585931,0.03692785678526115,D-19+
19:43D-25,0.1000460585703125,6.695135042092453e-05,7.762629194628597e-05,65050,D-25,D-19+,0.5940878459166329,0.0313212921585931,0.03692785678526115,D-19+
19:44D-26,0.1285295107607789,7.363435570555012e-05,8.468487056218861e-05,65050,D-26,D-19+,0.5940878459166329,0.0313212921585931,0.03692785678526115,D-19+
19:45D-27,0.1408126262911005,7.112625080830843e-05,8.146853606951765e-05,65050,D-27,D-19+,0.5940878459166329,0.0313212921585931,0.03692785678526115,D-19+
19:46D-28,0.07996171011120876,5.351462455038038e-05,6.51451434538919e-05,65050,D-28,D-19+,0.5940878459166329,0.0313212921585931,0.03692785678526115,D-19+
19:47D-29,0.09899207337954667,4.702653418623224e-05,5.802993693498323e-05,65050,D-29,D-19+,0.5940878459166329,0.0313212921585931,0.03692785678526115,D-19+
20:38D-19,0.4903217499189706,0.0001218982731326183,0.0001421752529766783,65050,D-19,D-19+,0.5940878459166329,0.0313212921585931,0.03692785678526115,D-19+
20:39D-20,0.4997830041189536,0.0001092544718836435,0.0001116415090399868,65050,D-20,D-19+,0.5940878459166329,0.0313212921585931,0.03692785678526115,D-19+
20:40D-21,0.6967071898751478,0.000142865610927116,0.0001581335457980992,65050,D-21,D-19+,0.5940878459166329,0.0313212921585931,0.03692785678526115,D-19+
20:41D-22,0.2105123000135175,0.0001112233732326838,0.0001198648719811601,65050,D-22,D-19+,0.5940878459166329,0.0313212921585931,0.03692785678526115,D-19+
20:42D-23,0.1594264949758165,8.132863921441953e-05,9.021961830330883e-05,65050,D-23,D-19+,0.5940878459166329,0.0313212921585931,0.03692785678526115,D-19+
20:43D-24,0.6889758817949263,9.942274558834609e-05,0.0001116707464036375,65050,D-24,D-19+,0.5940878459166329,0.0313212921585931,0.03692785678526115,D-19+
20:44D-25,0.1627787733885714,7.31805822347935e-05,9.265580763515416e-05,65050,D-25,D-19+,0.5940878459166329,0.0313212921585931,0.03692785678526115,D-19+
20:45D-26,0.1107192021928615,6.785668939758322e-05,8.152504645585529e-05,65050,D-26,D-19+,0.5940878459166329,0.0313212921585931,0.03692785678526115,D-19+
20:46D-27,0.1273549179283184,6.773953427543894e-05,7.677607086453127e-05,65050,D-27,D-19+,0.5940878459166329,0.0313212921585931,0.03692785678526115,D-19+
20:47D-28,0.08508398703286844,5.080306871395673e-05,6.255639047802624e-05,65050,D-28,D-19+,0.5940878459166329,0.0313212921585931,0.03692785678526115,D-19+
20:48D-29,0.04218748782161247,4.68414038667601e-05,5.886891436631752e-05,65050,D-29,D-19+,0.5940878459166329,0.0313212921585931,0.03692785678526115,D-19+
21:39D-19,0.3961563369531969,0.0001223954173632526,0.000133686190661052,65050,D-19,D-19+,0.5940878459166329,0.0313212921585931,0.03692785678526115,D-19+
21:40D-20,0.5135241387095166,0.0001226256916687529,0.0001372415553075852,65050,D-20,D-19+,0.5940878459166329,0.0313212921585931,0.03692785678526115,D-19+
21:41D-21,0.6276426088735726,0.0001715762404771518,0.0001819514602684179,65050,D-21,D-19+,0.5940878459166329,0.0313212921585931,0.03692785678526115,D-19+
21:42D-22,0.1956946785548201,0.0001213905983238103,0.0001339532774671083,65050,D-22,D-19+,0.5940878459166329,0.0313212921585931,0.03692785678526115,D-19+
21:43D-23,0.4807007758040687,0.0001013476399707448,0.0001128384457417119,65050,D-23,D-19+,0.5940878459166329,0.0313212921585931,0.03692785678526115,D-19+
21:44D-24,0.5280843692636873,0.0001025179354253974,0.0001261119619730214,65050,D-24,D-19+,0.5940878459166329,0.0313212921585931,0.03692785678526115,D-19+
21:45D-25,0.1458615317272988,7.910727811534037e-05,9.404087339361466e-05,65050,D-25,D-19+,0.5940878459166329,0.0313212921585931,0.03692785678526115,D-19+
21:46D-26,0.1147374042035575,7.007701776961414e-05,8.561084265494485e-05,65050,D-26,D-19+,0.5940878459166329,0.0313212921585931,0.03692785678526115,D-19+
21:47D-27,0.19744754108914,6.808563086874942e-05,7.921058121495046e-05,65050,D-27,D-19+,0.5940878459166329,0.0313212921585931,0.03692785678526115,D-19+
21:48D-28,0.0826915930732906,4.850044891244854e-05,6.327712416623129e-05,65050,D-28,D-19+,0.5940878459166329,0.0313212921585931,0.03692785678526115,D-19+
21:49D-29,0.1246158757106299,4.248819530069339e-05,5.726348697764801e-05,65050,D-29,D-19+,0.5940878459166329,0.0313212921585931,0.03692785678526115,D-19+
22:40D-19,0.3539165089274179,0.0001413780048391941,0.0001528770018589109,65050,D-19,D-19+,0.5940878459166329,0.0313212921585931,0.03692785678526115,D-19+
22:41D-20,0.3500044816489232,0.0001673191606665872,0.0001818804429069729,65050,D-20,D-19+,0.5940878459166329,0.0313212921585931,0.03692785678526115,D-19+
22:42D-21,0.4166662134296718,0.0001304552163071044,0.0001525383372945175,65050,D-21,D-19+,0.5940878459166329,0.0313212921585931,0.03692785678526115,D-19+
22:43D-22,0.2046530629694447,0.0001008721577607964,0.0001206452267122285,65050,D-22,D-19+,0.5940878459166329,0.0313212921585931,0.03692785678526115,D-19+
22:44D-23,0.1486038777549364,0.0001046086289636452,0.0001240989469252873,65050,D-23,D-19+,0.5940878459166329,0.0313212921585931,0.03692785678526115,D-19+
22:45D-24,0.3744878387495941,0.0001088983535527347,0.0001267407207901621,65050,D-24,D-19+,0.5940878459166329,0.0313212921585931,0.03692785678526115,D-19+
22:46D-25,0.1555756185572367,8.610881316022866e-05,9.680211280485404e-05,65050,D-25,D-19+,0.5940878459166329,0.0313212921585931,0.03692785678526115,D-19+
22:47D-26,0.2386932446571701,7.345903598521462e-05,8.775300440844129e-05,65050,D-26,D-19+,0.5940878459166329,0.0313212921585931,0.03692785678526115,D-19+
22:48D-27,0.1508075796965941,5.801988055476763e-05,7.89380763537107e-05,65050,D-27,D-19+,0.5940878459166329,0.0313212921585931,0.03692785678526115,D-19+
22:49D-28,0.05042429759583795,5.53996668232667e-05,6.058855995103343e-05,65050,D-28,D-19+,0.5940878459166329,0.0313212921585931,0.03692785678526115,D-19+
22:50D-29,0.04999575601364221,4.678158598974588e-05,5.768087830496172e-05,65050,D-29,D-19+,0.5940878459166329,0.0313212921585931,0.03692785678526115,D-19+
23:41D-19,0.3566998992815735,0.0001863155878918816,0.0002110279074985132,65050,D-19,D-19+,0.5940878459166329,0.0313212921585931,0.03692785678526115,D-19+
23:42D-20,0.3717768581497282,0.0001421169034118202,0.0001652991254919377,65050,D-20,D-19+,0.5940878459166329,0.0313212921585931,0.03692785678526115,D-19+
23:43D-21,0.757281734279503,0.0001687874187415248,0.0001907570792244902,65050,D-21,D-19+,0.5940878459166329,0.0313212921585931,0.03692785678526115,D-19+
23:44D-22,0.2212429703566303,0.0001341794908592229,0.0001618131783052664,65050,D-22,D-19+,0.5940878459166329,0.0313212921585931,0.03692785678526115,D-19+
23:45D-23,0.2020685405375938,0.0001032985625977809,0.0001301840941697918,65050,D-23,D-19+,0.5940878459166329,0.0313212921585931,0.03692785678526115,D-19+
23:46D-24,0.2068339070638819,0.0001039737006478692,0.0001280717750084588,65050,D-24,D-19+,0.5940878459166329,0.0313212921585931,0.03692785678526115,D-19+
23:47D-25,0.1672763412775072,8.816316075464557e-05,0.0001030215459276682,65050,D-25,D-19+,0.5940878459166329,0.0313212921585931,0.03692785678526115,D-19+
23:48D-26,0.09769228210121436,6.661891156640643e-05,8.117014795336862e-05,65050,D-26,D-19+,0.5940878459166329,0.0313212921585931,0.03692785678526115,D-19+
23:49D-27,0.3310130028539325,6.349007804229745e-05,8.630838060380787e-05,65050,D-27,D-19+,0.5940878459166329,0.0313212921585931,0.03692785678526115,D-19+
23:50D-28,0.1015691085500548,5.437130367348448e-05,6.920979435863339e-05,65050,D-28,D-19+,0.5940878459166329,0.0313212921585931,0.03692785678526115,D-19+
23:51D-29,0.0345369378916448,5.271465099784622e-05,6.330283897541904e-05,65050,D-29,D-19+,0.5940878459166329,0.0313212921585931,0.03692785678526115,D-19+
24:42D-19,0.3178730939338233,0.0002248760691680928,0.0002712853505133336,65050,D-19,D-19+,0.5940878459166329,0.0313212921585931,0.03692785678526115,D-19+
24:43D-20,0.2882766772948616,0.0001808108538959636,0.00020304250607372,65050,D-20,D-19+,0.5940878459166329,0.0313212921585931,0.03692785678526115,D-19+
24:44D-21,0.4353664391825424,0.0001832027766722029,0.0002142417754581161,65050,D-21,D-19+,0.5940878459166329,0.0313212921585931,0.03692785678526115,D-19+
24:45D-22,0.1806554938939023,0.0001273148049386229,0.000161010567325612,65050,D-22,D-19+,0.5940878459166329,0.0313212921585931,0.03692785678526115,D-19+
24:46D-23,0.1417477699554371,0.0001155167438681575,0.0001388354843652196,65050,D-23,D-19+,0.5940878459166329,0.0313212921585931,0.03692785678526115,D-19+
24:47D-24,0.1614765742944783,0.0001206264926169897,0.0001397593603732112,65050,D-24,D-19+,0.5940878459166329,0.0313212921585931,0.03692785678526115,D-19+
24:48D-25,0.1264287060747221,9.258572543007866e-05,0.0001079352880958695,65050,D-25,D-19+,0.5940878459166329,0.0313212921585931,0.03692785678526115,D-19+
24:49D-26,0.1031505459521172,7.457519048191545e-05,8.990243029176593e-05,65050,D-26,D-19+,0.5940878459166329,0.0313212921585931,0.03692785678526115,D-19+
24:50D-27,0.1834140819531523,7.857684485048146e-05,9.190052822463196e-05,65050,D-27,D-19+,0.5940878459166329,0.0313212921585931,0.03692785678526115,D-19+
24:51D-28,0.06691820426006095,6.254600938238741e-05,7.473084511129045e-05,65050,D-28,D-19+,0.5940878459166329,0.0313212921585931,0.03692785678526115,D-19+
24:52D-29,0.09153131719917816,5.651470240796612e-05,6.692044648575695e-05,65050,D-29,D-19+,0.5940878459166329,0.0313212921585931,0.03692785678526115,D-19+
25:43D-19,0.3491109392996112,0.0002005489975224351,0.0002231278165056427,65050,D-19,D-19+,0.5940878459166329,0.0313212921585931,0.03692785678526115,D-19+
25:44D-20,0.4477692420874979,0.0001944745421880923,0.0002252860803613211,65050,D-20,D-19+,0.5940878459166329,0.0313212921585931,0.03692785678526115,D-19+
25:45D-21,0.3941966828145164,0.0001903522241057767,0.0002265887495208012,65050,D-21,D-19+,0.5940878459166329,0.0313212921585931,0.03692785678526115,D-19+
25:46D-22,0.1529325366076862,0.0001403057666729179,0.0001679765363213742,65050,D-22,D-19+,0.5940878459166329,0.0313212921585931,0.03692785678526115,D-19+
25:47D-23,0.1698797875815916,0.0001215767380592007,0.0001488115426918521,65050,D-23,D-19+,0.5940878459166329,0.0313212921585931,0.03692785678526115,D-19+
25:48D-24,0.2708920638938375,0.000109625461181069,0.0001401924005098985,65050,D-24,D-19+,0.5940878459166329,0.0313212921585931,0.03692785678526115,D-19+
25:49D-25,0.08764503579478916,8.688292708756488e-05,0.0001083507664243904,65050,D-25,D-19+,0.5940878459166329,0.0313212921585931,0.03692785678526115,D-19+
25:50D-26,0.1665263243653933,8.24398547182924e-05,9.49206071991052e-05,65050,D-26,D-19+,0.5940878459166329,0.0313212921585931,0.03692785678526115,D-19+
25:51D-27,0.0972986840450768,7.381768224703217e-05,9.174118701901147e-05,65050,D-27,D-19+,0.5940878459166329,0.0313212921585931,0.03692785678526115,D-19+
25:52D-28,0.07655829019846291,6.165391807900795e-05,8.182815089278595e-05,65050,D-28,D-19+,0.5940878459166329,0.0313212921585931,0.03692785678526115,D-19+
25:53D-29,0.08862181923182977,6.364911415240086e-05,7.852607318002046e-05,65050,D-29,D-19+,0.5940878459166329,0.0313212921585931,0.03692785678526115,D-19+
26:44D-19,0.4418789390429639,0.0002400794168085083,0.0002886056888403544,65050,D-19,D-19+,0.5940878459166329,0.0313212921585931,0.03692785678526115,D-19+
26:45D-20,0.2716711560877472,0.000209143721627034,0.0002476093417007885,65050,D-20,D-19+,0.5940878459166329,0.0313212921585931,0.03692785678526115,D-19+
26:46D-21,0.3744361096354092,0.0001921703409283058,0.0002378043994749719,65050,D-21,D-19+,0.5940878459166329,0.0313212921585931,0.03692785678526115,D-19+
26:47D-22,0.2046176137821669,0.0001602790693187766,0.0001822241546086304,65050,D-22,D-19+,0.5940878459166329,0.0313212921585931,0.03692785678526115,D-19+
26:48D-23,0.1399799696586116,0.0001242911586547271,0.0001575811589341871,65050,D-23,D-19+,0.5940878459166329,0.0313212921585931,0.03692785678526115,D-19+
26:49D-24,0.4139519268977319,0.0001318052247182941,0.0001447928440562098,65050,D-24,D-19+,0.5940878459166329,0.0313212921585931,0.03692785678526115,D-19+
26:50D-25,0.07847787652864177,9.883190795181698e-05,0.0001132440992274876,65050,D-25,D-19+,0.5940878459166329,0.0313212921585931,0.03692785678526115,D-19+
26:51D-26,0.1203366471969005,9.172910366453284e-05,0.0001063570773841151,65050,D-26,D-19+,0.5940878459166329,0.0313212921585931,0.03692785678526115,D-19+
26:52D-27,0.4266335396284191,8.43027046448586e-05,0.0001101351601643939,65050,D-27,D-19+,0.5940878459166329,0.0313212921585931,0.03692785678526115,D-19+
26:53D-28,0.0663494500337962,7.318484232307073e-05,9.047378910690432e-05,65050,D-28,D-19+,0.5940878459166329,0.0313212921585931,0.03692785678526115,D-19+
26:54D-29,0.04653478071763895,6.263593243277437e-05,8.583404181848535e-05,65050,D-29,D-19+,0.5940878459166329,0.0313212921585931,0.03692785678526115,D-19+
27:45D-19,0.4364737389463608,0.0002500318868038546,0.0003127490718096824,65050,D-19,D-19+,0.5940878459166329,0.0313212921585931,0.03692785678526115,D-19+
27:46D-20,0.2490814044423909,0.0002109065494963837,0.0002618432449008517,65050,D-20,D-19+,0.5940878459166329,0.0313212921585931,0.03692785678526115,D-19+
27:47D-21,0.3199982370840489,0.0002156139226742246,0.000243901246483555,65050,D-21,D-19+,0.5940878459166329,0.0313212921585931,0.03692785678526115,D-19+
27:48D-22,0.1591874595941568,0.0001439628130896084,0.0001846549374910894,65050,D-22,D-19+,0.5940878459166329,0.0313212921585931,0.03692785678526115,D-19+
27:49D-23,0.2244859218643335,0.0001286324217616519,0.0001553780466236138,65050,D-23,D-19+,0.5940878459166329,0.0313212921585931,0.03692785678526115,D-19+
27:50D-24,0.4547420099506571,0.0001282982902714924,0.0001513853328400615,65050,D-24,D-19+,0.5940878459166329,0.0313212921585931,0.03692785678526115,D-19+
27:51D-25,0.2979723422935388,9.694569279407032e-05,0.0001181329060588526,65050,D-25,D-19+,0.5940878459166329,0.0313212921585931,0.03692785678526115,D-19+
27:52D-26,0.1009218729621776,8.463191697061795e-05,0.0001124131028182018,65050,D-26,D-19+,0.5940878459166329,0.0313212921585931,0.03692785678526115,D-19+
27:53D-27,0.1700107552924328,8.868311603801477e-05,0.0001195508404333748,65050,D-27,D-19+,0.5940878459166329,0.0313212921585931,0.03692785678526115,D-19+
27:54D-28,0.04698563520989429,6.869941733687414e-05,0.0001021593284152028,65050,D-28,D-19+,0.5940878459166329,0.0313212921585931,0.03692785678526115,D-19+
27:55D-29,0.6233115600626215,4.958028561032277e-05,6.839593748323999e-05,65050,D-29,D-19+,0.5940878459166329,0.0313212921585931,0.03692785678526115,D-19+
28:46D-19,0.2558015459259241,0.0002410117665705126,0.0002950188889290249,65050,D-19,D-19+,0.5940878459166329,0.0313212921585931,0.03692785678526115,D-19+
28:47D-20,0.1799845597741719,0.0002078640073493967,0.0002591258605777039,65050,D-20,D-19+,0.5940878459166329,0.0313212921585931,0.03692785678526115,D-19+
28:48D-21,0.2291054029699429,0.0001962283116230114,0.0002395332864244661,65050,D-21,D-19+,0.5940878459166329,0.0313212921585931,0.03692785678526115,D-19+
28:49D-22,0.1673905204531134,0.0001557962644948379,0.0001778665583453966,65050,D-22,D-19+,0.5940878459166329,0.0313212921585931,0.03692785678526115,D-19+
28:50D-23,0.1483593372384278,0.0001284574890582254,0.000155475676346538,65050,D-23,D-19+,0.5940878459166329,0.0313212921585931,0.03692785678526115,D-19+
28:51D-24,0.1702511086656012,0.0001291555955601773,0.0001482741676130641,65050,D-24,D-19+,0.5940878459166329,0.0313212921585931,0.03692785678526115,D-19+
28:52D-25,0.0850041581807693,0.0001024958150396267,0.0001212596506476052,65050,D-25,D-19+,0.5940878459166329,0.0313212921585931,0.03692785678526115,D-19+
28:53D-26,0.08268716699977366,9.944683836662989e-05,0.0001229728470132693,65050,D-26,D-19+,0.5940878459166329,0.0313212921585931,0.03692785678526115,D-19+
28:54D-27,0.111029736543598,8.058522574049229e-05,0.0001162912979032511,65050,D-27,D-19+,0.5940878459166329,0.0313212921585931,0.03692785678526115,D-19+
28:55D-28,0.05572957193186316,6.000546120622737e-05,7.420093972847215e-05,65050,D-28,D-19+,0.5940878459166329,0.0313212921585931,0.03692785678526115,D-19+
28:56D-29,0.03842821407275469,4.251937213438116e-05,5.950292139764996e-05,65050,D-29,D-19+,0.5940878459166329,0.0313212921585931,0.03692785678526115,D-19+
29:47D-19,0.2397697539133785,0.0002320322904424547,0.0002850485595753648,65050,D-19,D-19+,0.5940878459166329,0.0313212921585931,0.03692785678526115,D-19+
29:48D-20,0.178701478012997,0.0001944953940733496,0.0002402370644285453,65050,D-20,D-19+,0.5940878459166329,0.0313212921585931,0.03692785678526115,D-19+
29:49D-21,0.3396891920772011,0.0001875327994346871,0.0002170831347760229,65050,D-21,D-19+,0.5940878459166329,0.0313212921585931,0.03692785678526115,D-19+
29:50D-22,0.1800315793639957,0.0001471535785882743,0.0001717957344933977,65050,D-22,D-19+,0.5940878459166329,0.0313212921585931,0.03692785678526115,D-19+
29:51D-23,0.1110287067761783,0.000120796396307294,0.0001436253620577479,65050,D-23,D-19+,0.5940878459166329,0.0313212921585931,0.03692785678526115,D-19+
29:52D-24,0.6035379075553814,0.000131259194399179,0.0001604726975586086,65050,D-24,D-19+,0.5940878459166329,0.0313212921585931,0.03692785678526115,D-19+
29:53D-25,0.08382712008650144,0.0001017734791305928,0.0001285159504203225,65050,D-25,D-19+,0.5940878459166329,0.0313212921585931,0.03692785678526115,D-19+
29:54D-26,0.0835283789757016,9.129589567665577e-05,0.0001169611899900526,65050,D-26,D-19+,0.5940878459166329,0.0313212921585931,0.03692785678526115,D-19+
29:55D-27,0.1066014390383122,7.031779065175152e-05,9.424048058300452e-05,65050,D-27,D-19+,0.5940878459166329,0.0313212921585931,0.03692785678526115,D-19+
29:56D-28,0.03053475888270755,4.783178828470276e-05,6.136995213732184e-05,65050,D-28,D-19+,0.5940878459166329,0.0313212921585931,0.03692785678526115,D-19+
29:57D-29,0.1030071015646927,3.42629304703129e-05,4.340882614048804e-05,65050,D-29,D-19+,0.5940878459166329,0.0313212921585931,0.03692785678526115,D-19+
30:48D-19,0.24302410948125,0.0002199814597997228,0.0002557600729681139,65050,D-19,D-19+,0.5940878459166329,0.0313212921585931,0.03692785678526115,D-19+
30:49D-20,0.2294959284359809,0.0001996820003897432,0.00022070867235184,65050,D-20,D-19+,0.5940878459166329,0.0313212921585931,0.03692785678526115,D-19+
30:50D-21,0.2632008847546515,0.0001755646318679127,0.000204560291881865,65050,D-21,D-19+,0.5940878459166329,0.0313212921585931,0.03692785678526115,D-19+
30:51D-22,0.0855495529768275,0.000135051708183201,0.0001512282711633728,65050,D-22,D-19+,0.5940878459166329,0.0313212921585931,0.03692785678526115,D-19+
30:52D-23,0.1137055040711803,0.0001270412982073439,0.0001413368168706909,65050,D-23,D-19+,0.5940878459166329,0.0313212921585931,0.03692785678526115,D-19+
30:53D-24,0.3043988019783949,0.0001254472627772995,0.0001540993070605789,65050,D-24,D-19+,0.5940878459166329,0.0313212921585931,0.03692785678526115,D-19+
30:54D-25,0.0955893483827608,9.288680571014452e-05,0.0001188953625383996,65050,D-25,D-19+,0.5940878459166329,0.0313212921585931,0.03692785678526115,D-19+
30:55D-26,0.08249718896422102,6.978205240339817e-05,9.472207437401628e-05,65050,D-26,D-19+,0.5940878459166329,0.0313212921585931,0.03692785678526115,D-19+
30:56D-27,0.141055778057258,6.23438712289705e-05,6.967157280802783e-05,65050,D-27,D-19+,0.5940878459166329,0.0313212921585931,0.03692785678526115,D-19+
30:57D-28,0.03102986760306813,3.783396685802312e-05,4.693526190598607e-05,65050,D-28,D-19+,0.5940878459166329,0.0313212921585931,0.03692785678526115,D-19+
30:58D-29,0.03506777062153506,3.111077930279664e-05,3.558993818898803e-05,65050,D-29,D-19+,0.5940878459166329,0.0313212921585931,0.03692785678526115,D-19+
31:49D-19,0.2463697971109027,0.0001895169487456058,0.0002172339787863636,65050,D-19,D-19+,0.5940878459166329,0.0313212921585931,0.03692785678526115,D-19+
31:50D-20,0.1729263533109063,0.0001681889627867266,0.0001827683857631414,65050,D-20,D-19+,0.5940878459166329,0.0313212921585931,0.03692785678526115,D-19+
31:51D-21,0.2434101164431725,0.0001487524008683034,0.0001676302266313213,65050,D-21,D-19+,0.5940878459166329,0.0313212921585931,0.03692785678526115,D-19+
31:52D-22,0.1397149160731881,0.0001216166213010072,0.0001393514236231938,65050,D-22,D-19+,0.5940878459166329,0.0313212921585931,0.03692785678526115,D-19+
31:53D-23,0.1098136564778598,0.0001126248178406128,0.0001316240777573794,65050,D-23,D-19+,0.5940878459166329,0.0313212921585931,0.03692785678526115,D-19+
31:54D-24,0.1204240940979411,0.0001094888753190525,0.0001306405122959992,65050,D-24,D-19+,0.5940878459166329,0.0313212921585931,0.03692785678526115,D-19+
31:55D-25,0.07001595778270273,7.732522463579931e-05,8.922579226414592e-05,65050,D-25,D-19+,0.5940878459166329,0.0313212921585931,0.03692785678526115,D-19+
31:56D-26,0.03113405545150447,5.516148967939231e-05,6.53630849774121e-05,65050,D-26,D-19+,0.5940878459166329,0.0313212921585931,0.03692785678526115,D-19+
31:57D-27,0.05812281629372795,4.358944440190929e-05,4.6506729004442e-05,65050,D-27,D-19+,0.5940878459166329,0.0313212921585931,0.03692785678526115,D-19+
31:58D-28,0.05990947737394716,3.287641427530157e-05,3.464655409507109e-05,65050,D-28,D-19+,0.5940878459166329,0.0313212921585931,0.03692785678526115,D-19+
31:59D-29,0.04161654318150104,2.190174571891609e-05,2.716253252441129e-05,65050,D-29,D-19+,0.5940878459166329,0.0313212921585931,0.03692785678526115,D-19+
32:50D-19,0.2359012278895941,0.0001725459611227789,0.0001911151995815163,65050,D-19,D-19+,0.5940878459166329,0.0313212921585931,0.03692785678526115,D-19+
32:51D-20,0.1505793475006714,0.0001493919694031302,0.0001545064141309324,65050,D-20,D-19+,0.5940878459166329,0.0313212921585931,0.03692785678526115,D-19+
32:52D-21,0.2161874632512376,0.0001294117464272657,0.0001512697976521274,65050,D-21,D-19+,0.5940878459166329,0.0313212921585931,0.03692785678526115,D-19+
32:53D-22,0.1259655376351791,0.0001096809744212566,0.000126001061117755,65050,D-22,D-19+,0.5940878459166329,0.0313212921585931,0.03692785678526115,D-19+
32:54D-23,0.09759287085600322,0.0001026837258822847,0.0001145808524499335,65050,D-23,D-19+,0.5940878459166329,0.0313212921585931,0.03692785678526115,D-19+
32:55D-24,0.1910576905910022,7.074682518538846e-05,9.472325730513706e-05,65050,D-24,D-19+,0.5940878459166329,0.0313212921585931,0.03692785678526115,D-19+
32:56D-25,0.05305896032577722,5.547361821687841e-05,6.109982740180544e-05,65050,D-25,D-19+,0.5940878459166329,0.0313212921585931,0.03692785678526115,D-19+
32:57D-26,0.0249754979046416,3.798208401362663e-05,4.541186853576532e-05,65050,D-26,D-19+,0.5940878459166329,0.0313212921585931,0.03692785678526115,D-19+
32:58D-27,0.08467190304334894,3.299162782935782e-05,4.014019639840152e-05,65050,D-27,D-19+,0.5940878459166329,0.0313212921585931,0.03692785678526115,D-19+
32:59D-28,0.0867655302672879,2.328096870731873e-05,2.557807147675494e-05,65050,D-28,D-19+,0.5940878459166329,0.0313212921585931,0.03692785678526115,D-19+
32:60D-29,0.0510879950357472,2.532211537042021e-05,1.956139221470829e-05,65050,D-29,D-19+,0.5940878459166329,0.0313212921585931,0.03692785678526115,D-19+
33:51D-19,0.2950281714257603,0.0001457023577765229,0.0001612319270281394,65050,D-19,D-19+,0.5940878459166329,0.0313212921585931,0.03692785678526115,D-19+
33:52D-20,0.1670129412253536,0.0001203738351421143,0.0001424991415384905,65050,D-20,D-19+,0.5940878459166329,0.0313212921585931,0.03692785678526115,D-19+
33:53D-21,0.2126608095780711,0.0001278108299733208,0.0001378811442401364,65050,D-21,D-19+,0.5940878459166329,0.0313212921585931,0.03692785678526115,D-19+
33:54D-22,0.08833378966596514,0.0001057327510994332,0.0001152472376306881,65050,D-22,D-19+,0.5940878459166329,0.0313212921585931,0.03692785678526115,D-19+
33:55D-23,0.09489736276292624,7.672198162962427e-05,9.158037632625484e-05,65050,D-23,D-19+,0.5940878459166329,0.0313212921585931,0.03692785678526115,D-19+
33:56D-24,0.5031101025444058,6.292280952357956e-05,7.405578067218739e-05,65050,D-24,D-19+,0.5940878459166329,0.0313212921585931,0.03692785678526115,D-19+
33:57D-25,0.07307873833218856,4.437783435909425e-05,4.828168149237761e-05,65050,D-25,D-19+,0.5940878459166329,0.0313212921585931,0.03692785678526115,D-19+
33:58D-26,0.04509303457104679,3.262909218077402e-05,3.68503564655404e-05,65050,D-26,D-19+,0.5940878459166329,0.0313212921585931,0.03692785678526115,D-19+
33:59D-27,0.05853966059180542,3.014127341180496e-05,3.355086213584952e-05,65050,D-27,D-19+,0.5940878459166329,0.0313212921585931,0.03692785678526115,D-19+
33:60D-28,0.07289342685385945,2.516792306877585e-05,2.463204178263357e-05,65050,D-28,D-19+,0.5940878459166329,0.0313212921585931,0.03692785678526115,D-19+
33:61D-29,0.03119054197626177,1.633002456288787e-05,1.919731296047191e-05,65050,D-29,D-19+,0.5940878459166329,0.0313212921585931,0.03692785678526115,D-19+
34:52D-19,0.1754775653629347,0.0001392756237351251,0.0001474269196418706,65050,D-19,D-19+,0.5940878459166329,0.0313212921585931,0.03692785678526115,D-19+
34:53D-20,0.1539169246256664,0.00010975103656639,0.0001361165400049111,65050,D-20,D-19+,0.5940878459166329,0.0313212921585931,0.03692785678526115,D-19+
34:54D-21,0.1333558338708343,0.0001054791240333857,0.0001310164672423238,65050,D-21,D-19+,0.5940878459166329,0.0313212921585931,0.03692785678526115,D-19+
34:55D-22,0.1084731256966837,8.232683483076311e-05,8.582104246910843e-05,65050,D-22,D-19+,0.5940878459166329,0.0313212921585931,0.03692785678526115,D-19+
34:56D-23,0.08269743443532694,5.692388915163791e-05,6.104210690116246e-05,65050,D-23,D-19+,0.5940878459166329,0.0313212921585931,0.03692785678526115,D-19+
34:57D-24,0.08026024286173107,4.656501244765293e-05,5.212626605226189e-05,65050,D-24,D-19+,0.5940878459166329,0.0313212921585931,0.03692785678526115,D-19+
34:58D-25,0.0606880620409237,2.988166699330353e-05,3.913746500043666e-05,65050,D-25,D-19+,0.5940878459166329,0.0313212921585931,0.03692785678526115,D-19+
34:59D-26,0.05511029661489599,2.861092430704773e-05,3.158282065049835e-05,65050,D-26,D-19+,0.5940878459166329,0.0313212921585931,0.03692785678526115,D-19+
34:60D-27,0.06706450670785208,2.522870837763626e-05,3.141299267190176e-05,65050,D-27,D-19+,0.5940878459166329,0.0313212921585931,0.03692785678526115,D-19+
34:61D-28,0.02053683534195405,2.087143497874689e-05,2.17885770114414e-05,65050,D-28,D-19+,0.5940878459166329,0.0313212921585931,0.03692785678526115,D-19+
34:62D-29,0.01066479555998329,1.911419080143476e-05,1.993263889373153e-05,65050,D-29,D-19+,0.5940878459166329,0.0313212921585931,0.03692785678526115,D-19+
35:53D-19,0.1158312592127451,0.0001339003337015152,0.0001524564002958095,65050,D-19,D-19+,0.5940878459166329,0.0313212921585931,0.03692785678526115,D-19+
35:54D-20,0.1286256068534724,0.0001212628928491127,0.000136261027983907,65050,D-20,D-19+,0.5940878459166329,0.0313212921585931,0.03692785678526115,D-19+
35:55D-21,0.1087547308366697,8.698906004414021e-05,0.0001092986800123283,65050,D-21,D-19+,0.5940878459166329,0.0313212921585931,0.03692785678526115,D-19+
35:56D-22,0.08705833483898781,6.318104060828787e-05,7.567523574036973e-05,65050,D-22,D-19+,0.5940878459166329,0.0313212921585931,0.03692785678526115,D-19+
35:57D-23,0.0483566472665155,5.370105246302192e-05,5.56732237909335e-05,65050,D-23,D-19+,0.5940878459166329,0.0313212921585931,0.03692785678526115,D-19+
35:58D-24,0.4369892868591994,5.114607758516117e-05,5.173639668703744e-05,65050,D-24,D-19+,0.5940878459166329,0.0313212921585931,0.03692785678526115,D-19+
35:59D-25,0.05204129819576005,3.292587552656234e-05,3.485501429313557e-05,65050,D-25,D-19+,0.5940878459166329,0.0313212921585931,0.03692785678526115,D-19+
35:60D-26,0.04121362004336194,2.473525844439749e-05,3.094266823321061e-05,65050,D-26,D-19+,0.5940878459166329,0.0313212921585931,0.03692785678526115,D-19+
35:61D-27,0.1025631763331298,3.070439729931757e-05,3.346591954835007e-05,65050,D-27,D-19+,0.5940878459166329,0.0313212921585931,0.03692785678526115,D-19+
35:62D-28,0.04546472100354704,2.138111479163927e-05,2.037782849415694e-05,65050,D-28,D-19+,0.5940878459166329,0.0313212921585931,0.03692785678526115,D-19+
35:63D-29,0.01505803795828394,1.201574638194738e-05,1.426986810235666e-05,65050,D-29,D-19+,0.5940878459166329,0.0313212921585931,0.03692785678526115,D-19+
36:54D-19,0.09790146613193908,0.0001354518964653477,0.0001528135986043789,65050,D-19,D-19+,0.5940878459166329,0.0313212921585931,0.03692785678526115,D-19+
36:55D-20,0.07255734082566775,9.823916969610091e-05,0.0001191431365177567,65050,D-20,D-19+,0.5940878459166329,0.0313212921585931,0.03692785678526115,D-19+
36:56D-21,0.08919948775220599,8.263413559867612e-05,9.150833345966912e-05,65050,D-21,D-19+,0.5940878459166329,0.0313212921585931,0.03692785678526115,D-19+
36:57D-22,0.06033603066457195,5.090134777995394e-05,6.853456414324807e-05,65050,D-22,D-19+,0.5940878459166329,0.0313212921585931,0.03692785678526115,D-19+
36:58D-23,0.02039489129179694,4.867576387157712e-05,5.088433003687254e-05,65050,D-23,D-19+,0.5940878459166329,0.0313212921585931,0.03692785678526115,D-19+
36:59D-24,0.05941478108279201,3.720745798718943e-05,4.123476189820609e-05,65050,D-24,D-19+,0.5940878459166329,0.0313212921585931,0.03692785678526115,D-19+
36:60D-25,0.01391898435639773,2.878253264652837e-05,3.250427862350921e-05,65050,D-25,D-19+,0.5940878459166329,0.0313212921585931,0.03692785678526115,D-19+
36:61D-26,0.02991430925994684,2.400911094049728e-05,2.633413702329e-05,65050,D-26,D-19+,0.5940878459166329,0.0313212921585931,0.03692785678526115,D-19+
36:62D-27,0.0893920396661568,2.707250100735665e-05,2.988426359937412e-05,65050,D-27,D-19+,0.5940878459166329,0.0313212921585931,0.03692785678526115,D-19+
36:63D-28,0.007420853443664492,1.315486068499255e-05,1.512364918763007e-05,65050,D-28,D-19+,0.5940878459166329,0.0313212921585931,0.03692785678526115,D-19+
36:64D-29,0.0,0.0,0.0,65050,D-29,D-19+,0.5940878459166329,0.0313212921585931,0.03692785678526115,D-19+
37:55D-19,0.05401143144326283,0.0001097263296175509,0.0001455521217051269,65050,D-19,D-19+,0.5940878459166329,0.0313212921585931,0.03692785678526115,D-19+
37:56D-20,0.03683454434295435,8.103811199250143e-05,0.0001004116804053405,65050,D-20,D-19+,0.5940878459166329,0.0313212921585931,0.03692785678526115,D-19+
37:57D-21,0.02121225733325337,6.12573971965211e-05,7.066376881869046e-05,65050,D-21,D-19+,0.5940878459166329,0.0313212921585931,0.03692785678526115,D-19+
37:58D-22,0.02156685920129569,4.480875593519712e-05,5.793218849413025e-05,65050,D-22,D-19+,0.5940878459166329,0.0313212921585931,0.03692785678526115,D-19+
37:59D-23,0.01081191731047538,3.771673575069989e-05,4.18446049099078e-05,65050,D-23,D-19+,0.5940878459166329,0.0313212921585931,0.03692785678526115,D-19+
37:60D-24,0.00914093621513305,2.657696546369584e-05,3.143961699530403e-05,65050,D-24,D-19+,0.5940878459166329,0.0313212921585931,0.03692785678526115,D-19+
37:61D-25,0.009672679290433571,2.346300544414163e-05,2.530994836966677e-05,65050,D-25,D-19+,0.5940878459166329,0.0313212921585931,0.03692785678526115,D-19+
37:62D-26,0.01850365842884697,2.283747223965451e-05,2.583984978814246e-05,65050,D-26,D-19+,0.5940878459166329,0.0313212921585931,0.03692785678526115,D-19+
37:63D-27,0.0148639966472604,2.161283114879457e-05,2.46502327656882e-05,65050,D-27,D-19+,0.5940878459166329,0.0313212921585931,0.03692785678526115,D-19+
37:64D-28,0.0,0.0,0.0,65050,D-28,D-19+,0.5940878459166329,0.0313212921585931,0.03692785678526115,D-19+
37:65D-29,0.0,0.0,0.0,65050,D-29,D-19+,0.5940878459166329,0.0313212921585931,0.03692785678526115,D-19+
38:56D-19,0.02333208404517636,0.0001007416391125979,0.0001395312021953187,65050,D-19,D-19+,0.5940878459166329,0.0313212921585931,0.03692785678526115,D-19+
38:57D-20,0.02014999187495956,7.421400220177411e-05,0.0001006209479605028,65050,D-20,D-19+,0.5940878459166329,0.0313212921585931,0.03692785678526115,D-19+
38:58D-21,0.0106766576269033,6.014070282596513e-05,7.970149284091271e-05,65050,D-21,D-19+,0.5940878459166329,0.0313212921585931,0.03692785678526115,D-19+
38:59D-22,0.009565702234928121,4.830635682839188e-05,6.929894019911217e-05,65050,D-22,D-19+,0.5940878459166329,0.0313212921585931,0.03692785678526115,D-19+
38:60D-23,0.007082094695091815,3.592260662923877e-05,4.300468787891735e-05,65050,D-23,D-19+,0.5940878459166329,0.0313212921585931,0.03692785678526115,D-19+
38:61D-24,0.005222754096092198,2.657892655704859e-05,3.086747460752203e-05,65050,D-24,D-19+,0.5940878459166329,0.0313212921585931,0.03692785678526115,D-19+
38:62D-25,0.007685126901686263,3.335553315114001e-05,3.393448194317889e-05,65050,D-25,D-19+,0.5940878459166329,0.0313212921585931,0.03692785678526115,D-19+
38:63D-26,-0.001232471563017595,2.756136297793829e-05,3.401223771049254e-05,65050,D-26,D-19+,0.5940878459166329,0.0313212921585931,0.03692785678526115,D-19+
38:64D-27,0.0,0.0,0.0,65050,D-27,D-19+,0.5940878459166329,0.0313212921585931,0.03692785678526115,D-19+
38:65D-28,0.0,0.0,0.0,65050,D-28,D-19+,0.5940878459166329,0.0313212921585931,0.03692785678526115,D-19+
38:66D-29,0.0,0.0,0.0,65050,D-29,D-19+,0.5940878459166329,0.0313212921585931,0.03692785678526115,D-19+
39:57D-19,-0.0004492297197914851,1.863619223886365e-05,1.809808182779091e-05,65050,D-19,D-19+,0.5940878459166329,0.0313212921585931,0.03692785678526115,D-19+
39:58D-20,-0.0005329118145880198,1.487448790706122e-05,1.623749771572397e-05,65050,D-20,D-19+,0.5940878459166329,0.0313212921585931,0.03692785678526115,D-19+
39:59D-21,-0.00132443924204488,8.269862209808678e-06,8.37141107005288e-06,65050,D-21,D-19+,0.5940878459166329,0.0313212921585931,0.03692785678526115,D-19+
39:60D-22,0.003747222380743878,5.725064445894797e-06,6.58678338326116e-06,65050,D-22,D-19+,0.5940878459166329,0.0313212921585931,0.03692785678526115,D-19+
39:61D-23,-0.001004346924468405,5.608136706989515e-06,6.51916603253259e-06,65050,D-23,D-19+,0.5940878459166329,0.0313212921585931,0.03692785678526115,D-19+
39:62D-24,0.0005043100709776206,6.606171452688521e-06,5.704516369255018e-06,65050,D-24,D-19+,0.5940878459166329,0.0313212921585931,0.03692785678526115,D-19+
39:63D-25,-0.0005783806045001794,4.077661354615995e-06,6.315307737703693e-06,65050,D-25,D-19+,0.5940878459166329,0.0313212921585931,0.03692785678526115,D-19+
39:64D-26,0.0,0.0,0.0,65050,D-26,D-19+,0.5940878459166329,0.0313212921585931,0.03692785678526115,D-19+
39:65D-27,0.0,0.0,0.0,65050,D-27,D-19+,0.5940878459166329,0.0313212921585931,0.03692785678526115,D-19+
39:66D-28,0.0,0.0,0.0,65050,D-28,D-19+,0.5940878459166329,0.0313212921585931,0.03692785678526115,D-19+
39:67D-29,0.0,0.0,0.0,65050,D-29,D-19+,0.5940878459166329,0.0313212921585931,0.03692785678526115,D-19+
40:58D-19,-0.0006772754568384585,8.361987729580643e-06,4.626696140890288e-06,65050,D-19,D-19+,0.5940878459166329,0.0313212921585931,0.03692785678526115,D-19+
40:59D-20,-0.0006203672010522345,3.635409314430285e-06,3.737209003746396e-06,65050,D-20,D-19+,0.5940878459166329,0.0313212921585931,0.03692785678526115,D-19+
40:60D-21,-0.0004164264095891611,1.332060561046309e-06,2.444796425913457e-06,65050,D-21,D-19+,0.5940878459166329,0.0313212921585931,0.03692785678526115,D-19+
40:61D-22,-0.0003123906365895037,2.720610213317021e-06,2.497249529635943e-06,65050,D-22,D-19+,0.5940878459166329,0.0313212921585931,0.03692785678526115,D-19+
40:62D-23,-0.0002116561109069194,2.168837692446402e-06,2.009901784443355e-06,65050,D-23,D-19+,0.5940878459166329,0.0313212921585931,0.03692785678526115,D-19+
40:63D-24,-0.000312369139783954,2.219013648799726e-06,2.033516451691757e-06,65050,D-24,D-19+,0.5940878459166329,0.0313212921585931,0.03692785678526115,D-19+
40:64D-25,0.0,0.0,0.0,65050,D-25,D-19+,0.5940878459166329,0.0313212921585931,0.03692785678526115,D-19+
40:65D-26,0.0,0.0,0.0,65050,D-26,D-19+,0.5940878459166329,0.0313212921585931,0.03692785678526115,D-19+
40:66D-27,0.0,0.0,0.0,65050,D-27,D-19+,0.5940878459166329,0.0313212921585931,0.03692785678526115,D-19+
40:67D-28,0.0,0.0,0.0,65050,D-28,D-19+,0.5940878459166329,0.0313212921585931,0.03692785678526115,D-19+
40:68D-29,0.0,0.0,0.0,65050,D-29,D-19+,0.5940878459166329,0.0313212921585931,0.03692785678526115,D-19+
6:34D-29,0.3421112724211016,3.123137469895154e-06,4.480239174102095e-06,65050,D-29,D-19+,0.5940878459166329,0.0313212921585931,0.03692785678526115,D-19+
7:34D-28,0.1118693949752909,3.783178258027504e-06,3.967971332819021e-06,65050,D-28,D-19+,0.5940878459166329,0.0313212921585931,0.03692785678526115,D-19+
7:35D-29,0.0878413378534969,9.713174589153373e-06,9.810445977466319e-06,65050,D-29,D-19+,0.5940878459166329,0.0313212921585931,0.03692785678526115,D-19+
8:34D-27,0.2144078279768287,6.653519277787577e-06,6.480452059971774e-06,65050,D-27,D-19+,0.5940878459166329,0.0313212921585931,0.03692785678526115,D-19+
8:35D-28,0.007757249446183386,9.878763141959883e-06,1.118863645477078e-05,65050,D-28,D-19+,0.5940878459166329,0.0313212921585931,0.03692785678526115,D-19+
8:36D-29,0.02820134759944189,1.86102492412514e-05,2.319136956167537e-05,65050,D-29,D-19+,0.5940878459166329,0.0313212921585931,0.03692785678526115,D-19+
9:34D-26,0.003943091091745428,5.296736275288775e-06,5.224175676132618e-06,65050,D-26,D-19+,0.5940878459166329,0.0313212921585931,0.03692785678526115,D-19+
9:35D-27,0.4912732493952455,1.49226303426544e-05,1.472191338687341e-05,65050,D-27,D-19+,0.5940878459166329,0.0313212921585931,0.03692785678526115,D-19+
9:36D-28,0.4194485637670049,1.993018597703236e-05,2.272515517763209e-05,65050,D-28,D-19+,0.5940878459166329,0.0313212921585931,0.03692785678526115,D-19+
9:37D-29,0.1286510912794494,3.089679596914016e-05,3.746502431894765e-05,65050,D-29,D-19+,0.5940878459166329,0.0313212921585931,0.03692785678526115,D-19+
D30+,0.4968537280647084,0.006620489128238471,0.007846057964544911,65050,D30+,D-19+,0.5940878459166329,0.0313212921585931,0.03692785678526115,D-19+
